descriptor,benefit_metric,pearson_r,pearson_p,spearman_r,spearman_p,n
number_of_local_gaussians,delta_C1_chamfer,0.4552442557152196,0.02221301986791613,0.3792307692307692,0.061538109613897066,25
number_of_local_gaussians,delta_C1_equal_cardinality_chamfer,0.22627957869939283,0.27674552136609537,0.2569230769230769,0.21505370359693768,25
number_of_local_gaussians,delta_C1_fscore_2x,0.0923418028595142,0.6606533380559809,0.2725889043836577,0.18740447288775836,25
number_of_local_gaussians,delta_C1_gt_to_pred,0.5183223934932251,0.007946575528441122,0.3946153846153846,0.05092417068462521,25
number_of_local_gaussians,delta_C2_chamfer,0.4552442557152196,0.02221301986791613,0.3792307692307692,0.061538109613897066,25
number_of_local_gaussians,delta_C2_equal_cardinality_chamfer,0.3490578779984704,0.08722776482347629,0.3192307692307692,0.1198372598471496,25
number_of_local_gaussians,delta_C2_fscore_2x,0.0923418028595142,0.6606533380559809,0.2725889043836577,0.18740447288775836,25
number_of_local_gaussians,delta_C2_gt_to_pred,0.5183223934932251,0.007946575528441122,0.3946153846153846,0.05092417068462521,25
number_of_local_gaussians,delta_C3_chamfer,0.6443484283522949,0.0005082221224852544,0.4707692307692308,0.017542529366882283,25
number_of_local_gaussians,delta_C3_equal_cardinality_chamfer,0.39331935034216253,0.05175893469768949,0.40692307692307694,0.04351056422815668,25
number_of_local_gaussians,delta_C3_fscore_2x,0.09729422121931328,0.6436038358313824,0.35026954181892556,0.086061531527653,25
number_of_local_gaussians,delta_C3_gt_to_pred,0.590216384387546,0.0018979017217858613,0.48538461538461536,0.013911171596886908,25
local_median_spacing,delta_C1_chamfer,-0.2043522283365383,0.3271638804387896,-0.49134286053304005,0.012620457324279867,25
local_median_spacing,delta_C1_equal_cardinality_chamfer,-0.1706109391588088,0.4148517373972233,-0.4921123873310557,0.012461213157874903,25
local_median_spacing,delta_C1_fscore_2x,-0.08332864260976101,0.6921031320478067,-0.05871028134951585,0.7804267064181241,25
local_median_spacing,delta_C1_gt_to_pred,-0.49213056173741265,0.012457472332552089,-0.7171989757506552,5.470298719004496e-05,25
local_median_spacing,delta_C2_chamfer,-0.2043522283365383,0.3271638804387896,-0.49134286053304005,0.012620457324279867,25
local_median_spacing,delta_C2_equal_cardinality_chamfer,-0.15438110243532252,0.4612307937056787,-0.4220854487116248,0.035576309440881346,25
local_median_spacing,delta_C2_fscore_2x,-0.08332864260976101,0.6921031320478067,-0.05871028134951585,0.7804267064181241,25
local_median_spacing,delta_C2_gt_to_pred,-0.49213056173741265,0.012457472332552089,-0.7171989757506552,5.470298719004496e-05,25
local_median_spacing,delta_C3_chamfer,-0.2600839219973315,0.20926599513049993,-0.3716814434415949,0.06733437553061004,25
local_median_spacing,delta_C3_equal_cardinality_chamfer,-0.2581486983273868,0.2127968785537439,-0.3951520107810745,0.05058162856026031,25
local_median_spacing,delta_C3_fscore_2x,-0.17558473264325686,0.40117298717887795,-0.25914518671281617,0.21097377287130253,25
local_median_spacing,delta_C3_gt_to_pred,-0.48638349216816384,0.013687514763784766,-0.5948442148661549,0.0017110485647314864,25
density_ratio,delta_C1_chamfer,0.20436334930765537,0.32713698382122414,0.49134286053304005,0.012620457324279867,25
density_ratio,delta_C1_equal_cardinality_chamfer,0.17061960209773494,0.4148276916966802,0.4921123873310557,0.012461213157874903,25
density_ratio,delta_C1_fscore_2x,0.08334914725131065,0.6920309955551881,0.05871028134951585,0.7804267064181241,25
density_ratio,delta_C1_gt_to_pred,0.49216698396500924,0.012449978361390415,0.7171989757506552,5.470298719004496e-05,25
density_ratio,delta_C2_chamfer,0.20436334930765537,0.32713698382122414,0.49134286053304005,0.012620457324279867,25
density_ratio,delta_C2_equal_cardinality_chamfer,0.15439470719338302,0.46119082070865014,0.4220854487116248,0.035576309440881346,25
density_ratio,delta_C2_fscore_2x,0.08334914725131065,0.6920309955551881,0.05871028134951585,0.7804267064181241,25
density_ratio,delta_C2_gt_to_pred,0.49216698396500924,0.012449978361390415,0.7171989757506552,5.470298719004496e-05,25
density_ratio,delta_C3_chamfer,0.26010853482950286,0.20922134471898093,0.3716814434415949,0.06733437553061004,25
density_ratio,delta_C3_equal_cardinality_chamfer,0.2581785223856805,0.21274216098790202,0.3951520107810745,0.05058162856026031,25
density_ratio,delta_C3_fscore_2x,0.17561955480569666,0.4010781209905922,0.25914518671281617,0.21097377287130253,25
density_ratio,delta_C3_gt_to_pred,0.4864208469062607,0.013679208505402196,0.5948442148661549,0.0017110485647314864,25
pca_eigenvalue_0,delta_C1_chamfer,-0.10444301662388933,0.6193003958204198,0.2815384615384615,0.17275952616715787,25
pca_eigenvalue_0,delta_C1_equal_cardinality_chamfer,-0.09491015957581303,0.6517901714132774,0.29615384615384616,0.15059346877779897,25
pca_eigenvalue_0,delta_C1_fscore_2x,0.05827276985399508,0.7820242262875317,0.1096533269758623,0.6018267672432773,25
pca_eigenvalue_0,delta_C1_gt_to_pred,0.4094422935479805,0.04210371198189987,0.5038461538461538,0.010231357533068983,25
pca_eigenvalue_0,delta_C2_chamfer,-0.10444301662388933,0.6193003958204198,0.2815384615384615,0.17275952616715787,25
pca_eigenvalue_0,delta_C2_equal_cardinality_chamfer,-0.0906001449615501,0.6666891016911338,0.23615384615384616,0.2557538899173098,25
pca_eigenvalue_0,delta_C2_fscore_2x,0.05827276985399508,0.7820242262875317,0.1096533269758623,0.6018267672432773,25
pca_eigenvalue_0,delta_C2_gt_to_pred,0.4094422935479805,0.04210371198189987,0.5038461538461538,0.010231357533068983,25
pca_eigenvalue_0,delta_C3_chamfer,0.11144134993557124,0.5958785595381221,0.10846153846153846,0.6058053003522005,25
pca_eigenvalue_0,delta_C3_equal_cardinality_chamfer,0.18869782825110584,0.3663459022188629,0.1476923076923077,0.4811005696665244,25
pca_eigenvalue_0,delta_C3_fscore_2x,0.08900122268777565,0.672248003409194,0.08929948758460521,0.6712097591008904,25
pca_eigenvalue_0,delta_C3_gt_to_pred,0.31282346835512814,0.1278719340047243,0.2892307692307692,0.16082608766934545,25
pca_eigenvalue_1,delta_C1_chamfer,-0.13049327187642512,0.5341193239194967,0.25769230769230766,0.21363539140584972,25
pca_eigenvalue_1,delta_C1_equal_cardinality_chamfer,-0.1249788073406874,0.5516808298303872,0.2776923076923077,0.17895216877264739,25
pca_eigenvalue_1,delta_C1_fscore_2x,0.029047062749074707,0.8903759642828187,0.06563755487991757,0.755251756282782,25
pca_eigenvalue_1,delta_C1_gt_to_pred,0.4141340407097434,0.03957945789674376,0.4823076923076923,0.014619098711298685,25
pca_eigenvalue_1,delta_C2_chamfer,-0.13049327187642512,0.5341193239194967,0.25769230769230766,0.21363539140584972,25
pca_eigenvalue_1,delta_C2_equal_cardinality_chamfer,-0.11325336530957067,0.5898761958172916,0.23923076923076922,0.2494297208431553,25
pca_eigenvalue_1,delta_C2_fscore_2x,0.029047062749074707,0.8903759642828187,0.06563755487991757,0.755251756282782,25
pca_eigenvalue_1,delta_C2_gt_to_pred,0.4141340407097434,0.03957945789674376,0.4823076923076923,0.014619098711298685,25
pca_eigenvalue_1,delta_C3_chamfer,0.11715233893073963,0.5770497757995406,0.09153846153846153,0.6634348089960707,25
pca_eigenvalue_1,delta_C3_equal_cardinality_chamfer,0.19517316563728412,0.34981943702984264,0.13999999999999999,0.5044771926366052,25
pca_eigenvalue_1,delta_C3_fscore_2x,0.07862090658527715,0.7087330830874732,0.056197091324794654,0.789614908041317,25
pca_eigenvalue_1,delta_C3_gt_to_pred,0.3318376037280853,0.10511550201488705,0.28538461538461535,0.166717948031417,25
pca_eigenvalue_2,delta_C1_chamfer,-0.0875005254211729,0.6774806719054064,0.21000000000000002,0.3136771274507805,25
pca_eigenvalue_2,delta_C1_equal_cardinality_chamfer,-0.06925414294554236,0.7422024196280974,0.24846153846153846,0.2310733663174255,25
pca_eigenvalue_2,delta_C1_fscore_2x,0.01490287629995277,0.9436339686284727,-0.02316619583997091,0.9124765723661361,25
pca_eigenvalue_2,delta_C1_gt_to_pred,0.4142530231176831,0.03951703710971444,0.4392307692307692,0.02803874858736798,25
pca_eigenvalue_2,delta_C2_chamfer,-0.0875005254211729,0.6774806719054064,0.21000000000000002,0.3136771274507805,25
pca_eigenvalue_2,delta_C2_equal_cardinality_chamfer,-0.05870983162565772,0.780428348087133,0.19846153846153847,0.34159875287547165,25
pca_eigenvalue_2,delta_C2_fscore_2x,0.01490287629995277,0.9436339686284727,-0.02316619583997091,0.9124765723661361,25
pca_eigenvalue_2,delta_C2_gt_to_pred,0.4142530231176831,0.03951703710971444,0.4392307692307692,0.02803874858736798,25
pca_eigenvalue_2,delta_C3_chamfer,0.13637917995180537,0.5156706753727132,0.023076923076923078,0.912812592529089,25
pca_eigenvalue_2,delta_C3_equal_cardinality_chamfer,0.21342669428320882,0.3056632553559835,0.07076923076923076,0.7367559509342093,25
pca_eigenvalue_2,delta_C3_fscore_2x,0.06435610596235859,0.7598913534684371,-0.05850656083129307,0.7811704598630826,25
pca_eigenvalue_2,delta_C3_gt_to_pred,0.311253909635704,0.129898335168402,0.21307692307692308,0.3064753923200176,25
estimated_curvature,delta_C1_chamfer,0.2663519943061963,0.19810231441156312,0.1753846153846154,0.40171841124929525,25
estimated_curvature,delta_C1_equal_cardinality_chamfer,0.30330534270291737,0.14051840759181344,0.11538461538461539,0.5828498413809968,25
estimated_curvature,delta_C1_fscore_2x,0.5353670636138584,0.005818338404827957,0.381470024831521,0.059895189546462155,25
estimated_curvature,delta_C1_gt_to_pred,0.04484623070221362,0.8314376720321041,0.05307692307692308,0.801060182912034,25
estimated_curvature,delta_C2_chamfer,0.2663519943061963,0.19810231441156312,0.1753846153846154,0.40171841124929525,25
estimated_curvature,delta_C2_equal_cardinality_chamfer,0.2819556297968772,0.1720969535130642,0.22461538461538463,0.28038817091865614,25
estimated_curvature,delta_C2_fscore_2x,0.5353670636138584,0.005818338404827957,0.381470024831521,0.059895189546462155,25
estimated_curvature,delta_C2_gt_to_pred,0.04484623070221362,0.8314376720321041,0.05307692307692308,0.801060182912034,25
estimated_curvature,delta_C3_chamfer,0.15479041720475933,0.46002895085055584,0.12,0.5677601210384973,25
estimated_curvature,delta_C3_equal_cardinality_chamfer,0.19457119000118617,0.35133690566990855,0.0876923076923077,0.6768111447527602,25
estimated_curvature,delta_C3_fscore_2x,0.43424271557413535,0.030085132635323412,0.2779061639486421,0.17860385327088407,25
estimated_curvature,delta_C3_gt_to_pred,0.10890962008116771,0.6043081861692123,0.1723076923076923,0.41015675388856687,25
normal_confidence,delta_C1_chamfer,-0.26635176501690655,0.19810271519690514,-0.1753846153846154,0.40171841124929525,25
normal_confidence,delta_C1_equal_cardinality_chamfer,-0.30330519061837863,0.14051861657004588,-0.11538461538461539,0.5828498413809968,25
normal_confidence,delta_C1_fscore_2x,-0.5353665252756041,0.005818397157170165,-0.381470024831521,0.059895189546462155,25
normal_confidence,delta_C1_gt_to_pred,-0.044846515457897286,0.8314366167300277,-0.05307692307692308,0.801060182912034,25
normal_confidence,delta_C2_chamfer,-0.26635176501690655,0.19810271519690514,-0.1753846153846154,0.40171841124929525,25
normal_confidence,delta_C2_equal_cardinality_chamfer,-0.2819555450197964,0.17209708798087672,-0.22461538461538463,0.28038817091865614,25
normal_confidence,delta_C2_fscore_2x,-0.5353665252756041,0.005818397157170165,-0.381470024831521,0.059895189546462155,25
normal_confidence,delta_C2_gt_to_pred,-0.044846515457897286,0.8314366167300277,-0.05307692307692308,0.801060182912034,25
normal_confidence,delta_C3_chamfer,-0.15479031788255485,0.4600292422850283,-0.12,0.5677601210384973,25
normal_confidence,delta_C3_equal_cardinality_chamfer,-0.19457119204448925,0.3513369005125282,-0.0876923076923077,0.6768111447527602,25
normal_confidence,delta_C3_fscore_2x,-0.43424243817925007,0.03008524967644453,-0.2779061639486421,0.17860385327088407,25
normal_confidence,delta_C3_gt_to_pred,-0.10890982344222433,0.6043075070585119,-0.1723076923076923,0.41015675388856687,25
mean_normal_dispersion,delta_C1_chamfer,0.36424620500151594,0.07344381733132622,0.27615384615384614,0.18147181209216093,25
mean_normal_dispersion,delta_C1_equal_cardinality_chamfer,0.2911134031050162,0.15799626417092677,0.20153846153846153,0.33401212685217296,25
mean_normal_dispersion,delta_C1_fscore_2x,0.28732897257312323,0.1637207937130933,0.09034816377588656,0.6675640298436701,25
mean_normal_dispersion,delta_C1_gt_to_pred,0.34831515578280897,0.08794849559141998,0.27999999999999997,0.17521838241225215,25
mean_normal_dispersion,delta_C2_chamfer,0.36424620500151594,0.07344381733132622,0.27615384615384614,0.18147181209216093,25
mean_normal_dispersion,delta_C2_equal_cardinality_chamfer,0.33997980789281174,0.0963472094303532,0.33,0.10717356052084386,25
mean_normal_dispersion,delta_C2_fscore_2x,0.28732897257312323,0.1637207937130933,0.09034816377588656,0.6675640298436701,25
mean_normal_dispersion,delta_C2_gt_to_pred,0.34831515578280897,0.08794849559141998,0.27999999999999997,0.17521838241225215,25
mean_normal_dispersion,delta_C3_chamfer,0.48125731715755793,0.014867438040282892,0.3807692307692308,0.06040566497226498,25
mean_normal_dispersion,delta_C3_equal_cardinality_chamfer,0.41764300466696547,0.037771072406646455,0.3453846153846154,0.09083602638147692,25
mean_normal_dispersion,delta_C3_fscore_2x,0.30007251714803995,0.14501113983520109,0.19707473122119767,0.3450514919972451,25
mean_normal_dispersion,delta_C3_gt_to_pred,0.47559575630427625,0.016266394885824754,0.46076923076923076,0.020447447955260815,25
p95_normal_dispersion,delta_C1_chamfer,0.3290901206481598,0.10820354819945255,0.21615384615384614,0.2993767800206251,25
p95_normal_dispersion,delta_C1_equal_cardinality_chamfer,0.3122527554861796,0.12860609016816804,0.12,0.5677601210384973,25
p95_normal_dispersion,delta_C1_fscore_2x,0.519708803789888,0.007752146314464852,0.1706576426877857,0.41472211161403777,25
p95_normal_dispersion,delta_C1_gt_to_pred,0.209962812995486,0.31376479607002694,0.17307692307692307,0.4080380104040632,25
p95_normal_dispersion,delta_C2_chamfer,0.3290901206481598,0.10820354819945255,0.21615384615384614,0.2993767800206251,25
p95_normal_dispersion,delta_C2_equal_cardinality_chamfer,0.29884575932800456,0.14674256331332738,0.29384615384615387,0.1539514856063788,25
p95_normal_dispersion,delta_C2_fscore_2x,0.519708803789888,0.007752146314464852,0.1706576426877857,0.41472211161403777,25
p95_normal_dispersion,delta_C2_gt_to_pred,0.209962812995486,0.31376479607002694,0.17307692307692307,0.4080380104040632,25
p95_normal_dispersion,delta_C3_chamfer,0.3890374981011979,0.054592946639182204,0.33692307692307694,0.09957253513328639,25
p95_normal_dispersion,delta_C3_equal_cardinality_chamfer,0.38923317809257385,0.054460856094756295,0.2815384615384615,0.17275952616715787,25
p95_normal_dispersion,delta_C3_fscore_2x,0.5059005092933198,0.009877325077301134,0.2571209383901563,0.21468828232273157,25
p95_normal_dispersion,delta_C3_gt_to_pred,0.26665764400292186,0.19756854703293178,0.36846153846153845,0.06993034335673072,25
semantic_entropy,delta_C1_chamfer,-0.12423243887722096,0.5540778960721623,-0.0015384615384615385,0.9941767167264197,25
semantic_entropy,delta_C1_equal_cardinality_chamfer,-0.17679055208885575,0.3978952922178987,0.0,1.0,25
semantic_entropy,delta_C1_fscore_2x,0.0253063718115616,0.9044255087291406,-0.10733670739186522,0.6095703502733028,25
semantic_entropy,delta_C1_gt_to_pred,-0.04923209427358152,0.8152183851580422,0.08923076923076922,0.6714489122271148,25
semantic_entropy,delta_C2_chamfer,-0.12423243887722096,0.5540778960721623,-0.0015384615384615385,0.9941767167264197,25
semantic_entropy,delta_C2_equal_cardinality_chamfer,-0.12474428669715698,0.5524335130421113,0.07461538461538461,0.7229855608267111,25
semantic_entropy,delta_C2_fscore_2x,0.0253063718115616,0.9044255087291406,-0.10733670739186522,0.6095703502733028,25
semantic_entropy,delta_C2_gt_to_pred,-0.04923209427358152,0.8152183851580422,0.08923076923076922,0.6714489122271148,25
semantic_entropy,delta_C3_chamfer,-0.019242343260048776,0.9272588371030108,0.022307692307692306,0.915708552227811,25
semantic_entropy,delta_C3_equal_cardinality_chamfer,-0.028202015728943233,0.8935471930361767,-0.002307692307692308,0.9912651655388017,25
semantic_entropy,delta_C3_fscore_2x,0.08290128667481392,0.6936071869126198,0.0015396463376656068,0.9941722321769048,25
semantic_entropy,delta_C3_gt_to_pred,0.08628081984525272,0.6817443079242658,0.14846153846153848,0.4787936059036386,25
semantic_purity,delta_C1_chamfer,-0.1789155341908785,0.3921559069864165,-0.24923076923076923,0.22958524321981813,25
semantic_purity,delta_C1_equal_cardinality_chamfer,-0.11443462414303707,0.5859772936310925,-0.1776923076923077,0.39545398689886,25
semantic_purity,delta_C1_fscore_2x,-0.36579042193156314,0.07214142506643295,-0.2610058064636723,0.20759798786035025,25
semantic_purity,delta_C1_gt_to_pred,-0.12160619151591727,0.5625500464543625,-0.21999999999999997,0.29064871336599385,25
semantic_purity,delta_C2_chamfer,-0.1789155341908785,0.3921559069864165,-0.24923076923076923,0.22958524321981813,25
semantic_purity,delta_C2_equal_cardinality_chamfer,-0.18254285510254908,0.38246787204421295,-0.3638461538461538,0.07378412709009194,25
semantic_purity,delta_C2_fscore_2x,-0.36579042193156314,0.07214142506643295,-0.2610058064636723,0.20759798786035025,25
semantic_purity,delta_C2_gt_to_pred,-0.12160619151591727,0.5625500464543625,-0.21999999999999997,0.29064871336599385,25
semantic_purity,delta_C3_chamfer,-0.2515672127206959,0.22510431578163842,-0.22923076923076924,0.2703601898431141,25
semantic_purity,delta_C3_equal_cardinality_chamfer,-0.2205630221661604,0.28938459445368575,-0.1815384615384615,0.38513664752146737,25
semantic_purity,delta_C3_fscore_2x,-0.41449956558581685,0.03938794352161585,-0.3518091881565911,0.08459661017158739,25
semantic_purity,delta_C3_gt_to_pred,-0.32090358333192676,0.1178016930786696,-0.35846153846153844,0.07848252439256115,25
number_of_semantic_ids,delta_C1_chamfer,0.06428389407247949,0.7601530446352235,0.1925634341362774,0.3564261496897481,25
number_of_semantic_ids,delta_C1_equal_cardinality_chamfer,0.061090708164607294,0.7717501710499591,0.09764880027194596,0.6423897014869616,25
number_of_semantic_ids,delta_C1_fscore_2x,0.350649774056815,0.08569798899273272,0.44543265832084705,0.025652002452253006,25
number_of_semantic_ids,delta_C1_gt_to_pred,-0.07210750578538014,0.7319553248675912,0.13123998756549538,0.5317617406119651,25
number_of_semantic_ids,delta_C2_chamfer,0.06428389407247949,0.7601530446352235,0.1925634341362774,0.3564261496897481,25
number_of_semantic_ids,delta_C2_equal_cardinality_chamfer,0.09110210441250238,0.6649474609884888,0.280056759179941,0.17512723628160606,25
number_of_semantic_ids,delta_C2_fscore_2x,0.350649774056815,0.08569798899273272,0.44543265832084705,0.025652002452253006,25
number_of_semantic_ids,delta_C2_gt_to_pred,-0.07210750578538014,0.7319553248675912,0.13123998756549538,0.5317617406119651,25
number_of_semantic_ids,delta_C3_chamfer,0.14971967032600536,0.4750325879453201,0.256621047114674,0.21561231449675344,25
number_of_semantic_ids,delta_C3_equal_cardinality_chamfer,0.20162628804431693,0.3337970770950874,0.22459224062547573,0.28043904252149254,25
number_of_semantic_ids,delta_C3_fscore_2x,0.4126082308347615,0.04038686893897786,0.4866655275471514,0.01362490349920204,25
number_of_semantic_ids,delta_C3_gt_to_pred,0.12138070620667853,0.5632801617327067,0.3308341353213529,0.10623569688843042,25
graph_components_C0,delta_C1_chamfer,0.39271234568712043,0.052153553796333685,0.3396831102433787,0.09665680981276148,25
graph_components_C0,delta_C1_equal_cardinality_chamfer,0.169829049917017,0.4170251893578686,0.254762332682534,0.21907150777476048,25
graph_components_C0,delta_C1_fscore_2x,0.011777019919393056,0.9554436622389099,-0.056832861622539456,0.787287904845067,25
graph_components_C0,delta_C1_gt_to_pred,0.48497588407858194,0.014003552883751918,0.31137618438976383,0.12973964066521768,25
graph_components_C0,delta_C2_chamfer,0.39271234568712043,0.052153553796333685,0.3396831102433787,0.09665680981276148,25
graph_components_C0,delta_C2_equal_cardinality_chamfer,0.3018334858289051,0.1425513303131541,0.28306925853614895,0.17033691074352933,25
graph_components_C0,delta_C2_fscore_2x,0.011777019919393056,0.9554436622389099,-0.056832861622539456,0.787287904845067,25
graph_components_C0,delta_C2_gt_to_pred,0.48497588407858194,0.014003552883751918,0.31137618438976383,0.12973964066521768,25
graph_components_C0,delta_C3_chamfer,0.5600832783222286,0.003595333413935372,0.3396831102433787,0.09665680981276148,25
graph_components_C0,delta_C3_equal_cardinality_chamfer,0.284954514915607,0.16738609383359415,0.31137618438976383,0.12973964066521768,25
graph_components_C0,delta_C3_fscore_2x,-0.02466656591735594,0.9068314503868274,-0.028328725568708534,0.8930715835029975,25
graph_components_C0,delta_C3_gt_to_pred,0.5070612818019107,0.00968182560617439,0.3396831102433787,0.09665680981276148,25
graph_components_C1,delta_C1_chamfer,0.11039976858747906,0.5993405450842777,0.024686699254283025,0.9067557282289687,25
graph_components_C1,delta_C1_equal_cardinality_chamfer,0.04686947520348688,0.8239468059340548,-0.05631653267383315,0.7891776027126743,25
graph_components_C1,delta_C1_fscore_2x,0.16191290984161028,0.4393797485831244,0.11539211602412876,0.582825177573986,25
graph_components_C1,delta_C1_gt_to_pred,-0.06517189678415543,0.7569367684764675,0.016200646385623234,0.9387341616901819,25
graph_components_C1,delta_C2_chamfer,0.11039976858747906,0.5993405450842777,0.024686699254283025,0.9067557282289687,25
graph_components_C1,delta_C2_equal_cardinality_chamfer,0.12426623029066776,0.5539692675332318,0.10337555312731016,0.6229056332747741,25
graph_components_C1,delta_C2_fscore_2x,0.16191290984161028,0.4393797485831244,0.11539211602412876,0.582825177573986,25
graph_components_C1,delta_C2_gt_to_pred,-0.06517189678415543,0.7569367684764675,0.016200646385623234,0.9387341616901819,25
graph_components_C1,delta_C3_chamfer,0.18281958887953936,0.3817344256053063,0.16894959802149945,0.4194773080020048,25
graph_components_C1,delta_C3_equal_cardinality_chamfer,0.095904573401708,0.6483707462471445,0.08216042095566069,0.6962172895080063,25
graph_components_C1,delta_C3_fscore_2x,0.09299708699392292,0.6583877293475636,0.09110230917363218,0.664946750875492,25
graph_components_C1,delta_C3_gt_to_pred,0.0009858970862177434,0.9962682290738585,0.06325966683910025,0.7638675230915128,25
graph_components_C3,delta_C1_chamfer,0.0277969255437224,0.8950679511827571,0.12194653043429185,0.5614488464000233,25
graph_components_C3,delta_C1_equal_cardinality_chamfer,0.04680020935500867,0.8242030126256636,0.0042315830750069726,0.9839837615836519,25
graph_components_C3,delta_C1_fscore_2x,0.25378821859858497,0.22089916418646105,0.35644186577648046,0.08030216555764022,25
graph_components_C3,delta_C1_gt_to_pred,-0.23923106687979906,0.24942911404697854,-0.02538949845004184,0.9041129769349404,25
graph_components_C3,delta_C2_chamfer,0.0277969255437224,0.8950679511827571,0.12194653043429185,0.5614488464000233,25
graph_components_C3,delta_C2_equal_cardinality_chamfer,0.07900195208038976,0.7073821013064836,0.26774380183680485,0.19567969604806773,25
graph_components_C3,delta_C2_fscore_2x,0.25378821859858497,0.22089916418646105,0.35644186577648046,0.08030216555764022,25
graph_components_C3,delta_C2_gt_to_pred,-0.23923106687979906,0.24942911404697854,-0.02538949845004184,0.9041129769349404,25
graph_components_C3,delta_C3_chamfer,0.005266252395359698,0.9800682979473682,0.24273899275721816,0.24234454536977457,25
graph_components_C3,delta_C3_equal_cardinality_chamfer,0.02161878229496631,0.9183030120171907,0.17272552733437554,0.4090051272086218,25
graph_components_C3,delta_C3_fscore_2x,0.2299365231827175,0.26884727076033554,0.46198275268095984,0.020075368208654406,25
graph_components_C3,delta_C3_gt_to_pred,-0.06982072384286589,0.7401642370460929,0.24158492464585263,0.24466055302536843,25
largest_component_fraction,delta_C1_chamfer,-0.19361758976233054,0.3537487036018431,-0.29384615384615387,0.1539514856063788,25
largest_component_fraction,delta_C1_equal_cardinality_chamfer,-0.13226193753050386,0.5285431654307357,-0.20230769230769227,0.3321314401444695,25
largest_component_fraction,delta_C1_fscore_2x,-0.3743835928981082,0.06521346559480752,-0.28648862188764024,0.16501147954870832,25
largest_component_fraction,delta_C1_gt_to_pred,-0.20673417060946964,0.3214336390711382,-0.33230769230769236,0.10459374936681606,25
largest_component_fraction,delta_C2_chamfer,-0.19361758976233054,0.3537487036018431,-0.29384615384615387,0.1539514856063788,25
largest_component_fraction,delta_C2_equal_cardinality_chamfer,-0.19731431990100146,0.3444535085530559,-0.34615384615384615,0.09007129607094418,25
largest_component_fraction,delta_C2_fscore_2x,-0.3743835928981082,0.06521346559480752,-0.28648862188764024,0.16501147954870832,25
largest_component_fraction,delta_C2_gt_to_pred,-0.20673417060946964,0.3214336390711382,-0.33230769230769236,0.10459374936681606,25
largest_component_fraction,delta_C3_chamfer,-0.276478331423346,0.18093834814135068,-0.25153846153846154,0.22515909919668442,25
largest_component_fraction,delta_C3_equal_cardinality_chamfer,-0.26137460966826065,0.20693322227895336,-0.19999999999999998,0.33779267399782437,25
largest_component_fraction,delta_C3_fscore_2x,-0.40678517182482665,0.043588632818782225,-0.3471902491435943,0.08904861159060695,25
largest_component_fraction,delta_C3_gt_to_pred,-0.3688363216867968,0.06962430457807099,-0.4392307692307692,0.02803874858736798,25
boundary_support_count,delta_C1_chamfer,0.054489450375567496,0.7958737206366271,0.008461538461538461,0.9679797010687115,25
boundary_support_count,delta_C1_equal_cardinality_chamfer,0.05552424591650548,0.7920795190179084,-0.07692307692307691,0.7147630179938114,25
boundary_support_count,delta_C1_fscore_2x,0.16103066927869825,0.441910202048574,0.15212468601580895,0.46788543919538234,25
boundary_support_count,delta_C1_gt_to_pred,-0.23698003606352472,0.2540456650921272,-0.15692307692307692,0.45379350880333025,25
boundary_support_count,delta_C2_chamfer,0.054489450375567496,0.7958737206366271,0.008461538461538461,0.9679797010687115,25
boundary_support_count,delta_C2_equal_cardinality_chamfer,0.06078699692137685,0.7728557253698564,0.059230769230769226,0.778527334838113,25
boundary_support_count,delta_C2_fscore_2x,0.16103066927869825,0.441910202048574,0.15212468601580895,0.46788543919538234,25
boundary_support_count,delta_C2_gt_to_pred,-0.23698003606352472,0.2540456650921272,-0.15692307692307692,0.45379350880333025,25
boundary_support_count,delta_C3_chamfer,0.0736165709194771,0.7265537721522984,0.20461538461538462,0.32652778321591586,25
boundary_support_count,delta_C3_equal_cardinality_chamfer,0.06750231991340698,0.7485149422734314,0.1346153846153846,0.521166503416824,25
boundary_support_count,delta_C3_fscore_2x,0.11977815572975661,0.5684814169659564,0.2047729629095257,0.32614724656543576,25
boundary_support_count,delta_C3_gt_to_pred,-0.12189591343086958,0.5616125610953597,0.07307692307692308,0.7284839479101775,25
estimated_missing_surface_area,delta_C1_chamfer,0.2639766395147598,0.2022840316917682,0.3678191715069236,0.07045727803451764,25
estimated_missing_surface_area,delta_C1_equal_cardinality_chamfer,0.09315583134862496,0.6578393186427944,0.3497038804048696,0.08660451274705548,25
estimated_missing_surface_area,delta_C1_fscore_2x,0.014852666636086673,0.9438235792687926,-0.050602768304115635,0.8101643112925606,25
estimated_missing_surface_area,delta_C1_gt_to_pred,0.6852699639814308,0.00015688276194685775,0.570237859038571,0.0029184333780685693,25
estimated_missing_surface_area,delta_C2_chamfer,0.2639766395147598,0.2022840316917682,0.3678191715069236,0.07045727803451764,25
estimated_missing_surface_area,delta_C2_equal_cardinality_chamfer,0.1989042782545257,0.34050082209323473,0.2733046092353373,0.1862028402354114,25
estimated_missing_surface_area,delta_C2_fscore_2x,0.014852666636086673,0.9438235792687926,-0.050602768304115635,0.8101643112925606,25
estimated_missing_surface_area,delta_C2_gt_to_pred,0.6852699639814308,0.00015688276194685775,0.570237859038571,0.0029184333780685693,25
estimated_missing_surface_area,delta_C3_chamfer,0.5359036240669292,0.0057600273708269785,0.23313592026991303,0.26205688354082085,25
estimated_missing_surface_area,delta_C3_equal_cardinality_chamfer,0.3761278297480328,0.0638719566681114,0.28354368681475917,0.16959093259986657,25
estimated_missing_surface_area,delta_C3_fscore_2x,0.04689734514172884,0.8238437230606389,0.06699937275898128,0.7503301926660529,25
estimated_missing_surface_area,delta_C3_gt_to_pred,0.6463909230801431,0.00048120163342342423,0.4024745110065053,0.04608504160031655,25
