roi,policy,method,seed,N_budget,N_spawn,N_retained,retain_fraction,N_GT_evaluation_only,pred_to_gt,gt_to_pred,symmetric_chamfer,equal_cardinality_chamfer,normal_error,appearance_rmse,seam_error,fscore_0.5x,precision_0.5x,recall_0.5x,fscore_1.0x,precision_1.0x,recall_1.0x,fscore_2.0x,precision_2.0x,recall_2.0x,pruned_by
roi_B_junction,hard,C1,0,53,53,36,0.6792452830188679,53,0.04629169631838252,0.047538251892342495,0.04691497410536251,0.04723581820564577,29.50851058959961,1.6652903726420107,1.6677574082093674,0.0,0.0,0.0,0.031999999999511544,0.027777777777777776,0.03773584905660377,0.2826086956516855,0.3333333333333333,0.24528301886792453,mls_residual<=0.0500
roi_C_layered,hard,C1,0,45,45,45,1.0,69,0.052711970329797075,0.02292403699569601,0.03781800366274654,0.03761799301860624,51.48074722290039,0.40165690785518027,0.5773722891386361,0.0,0.0,0.0,0.0,0.0,0.0,0.01754385964864497,0.022222222222222223,0.014492753623188406,mls_residual<=0.0500
roi_D_curved_v2,hard,C1,0,47,47,16,0.3404255319148936,160,0.04024304706357535,0.05690181741321909,0.04857243223839722,0.06597319322176046,60.725528717041016,1.0139360601196148,1.118266794448365,0.011363636363471073,0.0625,0.00625,0.03260869565194707,0.125,0.01875,0.23076923076887573,0.5,0.15,mls_residual<=0.0500
ramen_sample_001,hard,C1,0,57,57,57,1.0,56,0.014955763237735323,0.021529867018514542,0.018242815128124933,0.01828128598832856,48.02137756347656,0.5849389623913096,0.3571127378322754,0.0,0.0,0.0,0.04255319148888003,0.05263157894736842,0.03571428571428571,0.5284595300256691,0.8070175438596491,0.39285714285714285,mls_residual<=0.0500
ramen_sample_002,hard,C1,0,67,67,67,1.0,206,0.00806129645707002,0.006686381671682735,0.007373839064376378,0.007996827822922516,54.89713668823242,0.7073050570871828,0.5086244446898319,0.05662285136462006,0.1044776119402985,0.038834951456310676,0.37364763831426184,0.5373134328358209,0.28640776699029125,0.743095261168221,0.8059701492537313,0.6893203883495146,mls_residual<=0.0500
ramen_sample_003,hard,C1,0,90,90,51,0.5666666666666667,56,0.03090289229461224,0.06122132432489142,0.046062108309751826,0.046635881432833766,26.215782165527344,0.571142634612983,0.5209403044173734,0.018691588784547818,0.0196078431372549,0.017857142857142856,0.04528301886743649,0.0392156862745098,0.05357142857142857,0.2558398220240653,0.45098039215686275,0.17857142857142858,mls_residual<=0.0500
ramen_sample_004,hard,C1,0,26,26,25,0.9615384615384616,56,0.021958505978081654,0.020612840434839557,0.021285673206460604,0.024898409928652804,58.142486572265625,0.9702787733215952,0.8132127468253328,0.024691358024264594,0.04,0.017857142857142856,0.40955631399268483,0.48,0.35714285714285715,0.9202168861342803,0.88,0.9642857142857143,mls_residual<=0.0500
ramen_sample_005,hard,C1,0,88,88,48,0.5454545454545454,56,0.03425202669065696,0.036806674060484976,0.035529350375570964,0.03786704203857937,55.21894836425781,0.7529428670824174,0.8698425809995819,0.01923076923027219,0.020833333333333332,0.017857142857142856,0.03846153846104142,0.041666666666666664,0.03571428571428571,0.28045685279139987,0.3541666666666667,0.23214285714285715,mls_residual<=0.0500
ramen_sample_006,hard,C1,0,83,83,82,0.9879518072289156,56,0.018361902387403786,0.02913510503691586,0.02374850371215982,0.023755232763368314,23.64516830444336,0.33547273731732224,0.3143518102704679,0.0872817955107222,0.08536585365853659,0.08928571428571429,0.20618556700982124,0.24390243902439024,0.17857142857142858,0.663934426229062,0.9878048780487805,0.5,mls_residual<=0.0500
ramen_sample_007,hard,C1,0,92,92,62,0.6739130434782609,56,0.06802878084234115,0.05637052303622469,0.062199651939282924,0.0624459143968919,32.044315338134766,0.361016435980464,0.2602098257637871,0.0,0.0,0.0,0.0,0.0,0.0,0.0,0.0,0.0,mls_residual<=0.0500
ramen_sample_008,hard,C1,0,53,53,34,0.6415094339622641,56,0.08558223353760308,0.0996935113525909,0.092637872445097,0.09842109929098572,49.92979049682617,1.4150279539387498,0.775108314216092,0.0,0.0,0.0,0.0,0.0,0.0,0.1805157593118285,0.20588235294117646,0.16071428571428573,mls_residual<=0.0500
ramen_sample_009,hard,C1,0,77,77,70,0.9090909090909091,56,0.03263511448914671,0.06894068421191492,0.05078789935053081,0.050777949188262485,61.605342864990234,0.4152496735322178,0.2226180964129401,0.02521008403319822,0.04285714285714286,0.017857142857142856,0.059113300492325466,0.17142857142857143,0.03571428571428571,0.4512771996211521,0.7571428571428571,0.32142857142857145,mls_residual<=0.0500
ramen_sample_010,hard,C1,0,112,112,112,1.0,128,0.006864835914662025,0.01736425244391652,0.012114544179289272,0.012721034405667003,57.67716598510742,0.6279958833445354,0.4577224022770229,0.06350267379648718,0.16964285714285715,0.0390625,0.24621212121178696,0.5803571428571429,0.15625,0.5684818481843982,0.9464285714285714,0.40625,mls_residual<=0.0500
ramen_sample_011,hard,C1,0,123,123,123,1.0,101,0.010215945282325296,0.015502616551652174,0.012859280916988736,0.012933942648552573,54.13164138793945,1.3425605566473797,0.7186722218151049,0.017857142856647683,0.016260162601626018,0.019801980198019802,0.13646702046962464,0.21951219512195122,0.09900990099009901,0.548367952521806,0.8048780487804879,0.4158415841584158,mls_residual<=0.0500
ramen_sample_012,hard,C1,0,133,133,133,1.0,186,0.006250729045822204,0.011382986779509682,0.008816857912665944,0.009061908022342614,42.12171173095703,0.5117984550817893,0.5806461110645503,0.034722222221725135,0.03759398496240601,0.03225806451612903,0.24213984045002424,0.3233082706766917,0.1935483870967742,0.5853469189709046,0.7819548872180451,0.46774193548387094,mls_residual<=0.0500
ramen_sample_013,hard,C1,0,197,197,126,0.6395939086294417,56,0.16206013143984305,0.11286744126261339,0.13746378635122822,0.14295056066030648,72.5737533569336,0.7141379403612661,0.6767033782464196,0.0,0.0,0.0,0.0,0.0,0.0,0.0,0.0,0.0,mls_residual<=0.0500
ramen_sample_014,hard,C1,0,72,72,72,1.0,95,0.011755849600789285,0.017051028108943253,0.014403438854866269,0.014686500595067532,54.51934814453125,0.42418202771630653,0.32408451167293034,0.047904191616275946,0.05555555555555555,0.042105263157894736,0.21133231240384515,0.3194444444444444,0.15789473684210525,0.5759605216773658,0.7916666666666666,0.45263157894736844,mls_residual<=0.0500
ramen_sample_015,hard,C1,0,94,94,94,1.0,60,0.016530512449150762,0.04206350658744779,0.029297009518299277,0.02870450893065479,63.34018325805664,0.5796163638660553,0.40271758658020773,0.0,0.0,0.0,0.0,0.0,0.0,0.05801104972353096,0.22340425531914893,0.03333333333333333,mls_residual<=0.0500
ramen_sample_016,hard,C1,0,133,133,133,1.0,177,0.009344096575418681,0.02451488427012486,0.01692949042277177,0.01727909400223592,51.76350402832031,0.5597524024416481,0.916379227324949,0.009512485136475702,0.03007518796992481,0.005649717514124294,0.06578709560788927,0.19548872180451127,0.03954802259887006,0.36379639137419084,0.9323308270676691,0.22598870056497175,mls_residual<=0.0500
ramen_sample_017,hard,C1,0,114,114,114,1.0,56,0.016894449631101646,0.029775739387009035,0.02333509450905534,0.02473828835975162,60.272647857666016,0.9211028605246749,0.5216500049684857,0.0,0.0,0.0,0.10775862068928453,0.21929824561403508,0.07142857142857142,0.3797468354426726,0.7894736842105263,0.25,mls_residual<=0.0500
ramen_sample_018,hard,C1,0,117,117,104,0.8888888888888888,56,0.018450320036482934,0.0325861105384237,0.02551821528745332,0.026275849588024938,26.194461822509766,0.5027155416310638,0.43624361197361233,0.022058823528939446,0.028846153846153848,0.017857142857142856,0.05208333333293837,0.09615384615384616,0.03571428571428571,0.559027777777343,0.875,0.4107142857142857,mls_residual<=0.0500
ramen_sample_019,hard,C1,0,61,61,61,1.0,56,0.01613864317211713,0.021462759831973904,0.01880070150204552,0.018899393059882124,25.892473220825195,0.6960383230142242,0.5683031678694584,0.034188034187535105,0.03278688524590164,0.03571428571428571,0.2655721873486687,0.4098360655737705,0.19642857142857142,0.8096590909085999,0.9344262295081968,0.7142857142857143,mls_residual<=0.0500
ramen_sample_020,hard,C1,0,37,37,35,0.9459459459459459,56,0.018984042105733918,0.030874733818358677,0.024929387962046298,0.02627952983696833,48.28396987915039,0.2551722077463511,0.00500823098963512,0.0,0.0,0.0,0.1174168297451465,0.17142857142857143,0.08928571428571429,0.6221899927479263,0.9428571428571428,0.4642857142857143,mls_residual<=0.0500
ramen_sample_021,hard,C1,0,86,86,84,0.9767441860465116,56,0.030388869421393013,0.019546865140266354,0.024967867280829684,0.02828975750862527,50.54485321044922,1.1941169349014285,1.1941169349014285,0.014285714285234286,0.011904761904761904,0.017857142857142856,0.06593406593363989,0.047619047619047616,0.10714285714285714,0.2727272727268099,0.21428571428571427,0.375,mls_residual<=0.0500
ramen_sample_022,hard,C1,0,183,183,183,1.0,59,0.041419291934510265,0.05406012016663737,0.047739706050573816,0.05404921417970836,53.622100830078125,1.9423159026964765,0.38201432851495826,0.0,0.0,0.0,0.0,0.0,0.0,0.0,0.0,0.0,mls_residual<=0.0500
roi_B_junction,hard,C3,0,53,53,53,1.0,53,0.0404981910796471,0.03748803476167607,0.038993112920661585,0.038993112920661585,26.552024841308594,1.6469345948624166,1.6488717615409982,0.0,0.0,0.0,0.09433962264100942,0.09433962264150944,0.09433962264150944,0.517324185248215,0.5471698113207547,0.49056603773584906,dist_boundary<=0.50
roi_C_layered,hard,C3,0,45,45,45,1.0,69,0.05281710074569726,0.020475221879876455,0.036646161312786855,0.036441777959402934,49.38664245605469,0.41106537587161274,0.5436039881878734,0.0,0.0,0.0,0.0,0.0,0.0,0.0,0.0,0.0,dist_boundary<=0.50
roi_D_curved_v2,hard,C3,0,47,47,16,0.3404255319148936,160,0.04024304706357535,0.05690181741321909,0.04857243223839722,0.06597319322176046,60.725528717041016,1.0364206980799102,1.1394416988778728,0.011363636363471073,0.0625,0.00625,0.03260869565194707,0.125,0.01875,0.23076923076887573,0.5,0.15,mls_residual<=0.0500
ramen_sample_001,hard,C3,0,57,57,57,1.0,56,0.016899905413756397,0.011718596726336992,0.014309251070046694,0.014419451702390833,45.36497497558594,0.854984422006971,0.8630896734580934,0.053097345132243394,0.05263157894736842,0.05357142857142857,0.35294117647009,0.3333333333333333,0.375,0.7092045699499323,0.6140350877192983,0.8392857142857143,dist_boundary<=0.50
ramen_sample_002,hard,C3,0,67,67,67,1.0,206,0.011370011470625097,0.006762116456046892,0.009066063963335995,0.010456711982320784,51.26350784301758,0.7400392362401091,0.7893337140029151,0.046697798531924926,0.07462686567164178,0.03398058252427184,0.24678885842063703,0.2835820895522388,0.21844660194174756,0.5419100754835917,0.47761194029850745,0.6262135922330098,dist_boundary<=0.50
ramen_sample_003,hard,C3,0,90,90,63,0.7,56,0.041195374569477514,0.03516502997938575,0.03818020227443163,0.03759091487758558,34.528953552246094,0.8914406387461913,0.8293476860397474,0.016806722688577358,0.015873015873015872,0.017857142857142856,0.12598425196800397,0.12698412698412698,0.125,0.4036504036499038,0.3968253968253968,0.4107142857142857,mls_residual<=0.0500
ramen_sample_004,hard,C3,0,26,26,26,1.0,56,0.04088943153026189,0.0315469357450178,0.036218183637639845,0.03757399012928021,64.51194763183594,1.0989721356877584,0.8784967804679695,0.02439024390200595,0.038461538461538464,0.017857142857142856,0.12631578947320024,0.15384615384615385,0.10714285714285714,0.5860465116274108,0.5384615384615384,0.6428571428571429,dist_boundary<=0.50
ramen_sample_005,hard,C3,0,88,88,88,1.0,56,0.05630126452054627,0.03941083540185386,0.04785604996120006,0.04979689361450948,59.81292724609375,0.7870461879298303,0.9473717571989766,0.0,0.0,0.0,0.01388888888841358,0.011363636363636364,0.017857142857142856,0.19042968749954176,0.14772727272727273,0.26785714285714285,dist_boundary<=0.50
ramen_sample_006,hard,C3,0,83,83,83,1.0,56,0.030138157893302236,0.019848145767400637,0.02499315183035144,0.027177160719536828,47.4532585144043,0.8140723262415591,0.7471044845873163,0.07194244604268434,0.060240963855421686,0.08928571428571429,0.22656597067923012,0.18072289156626506,0.30357142857142855,0.6931527464253993,0.5903614457831325,0.8392857142857143,dist_boundary<=0.50
ramen_sample_007,hard,C3,0,92,92,92,1.0,56,0.068054905541563,0.054425338426512884,0.06124012198403794,0.06085997297138522,25.927471160888672,0.42022040875681743,0.41726564542577277,0.0,0.0,0.0,0.0,0.0,0.0,0.0,0.0,0.0,dist_boundary<=0.50
ramen_sample_008,hard,C3,0,53,53,20,0.37735849056603776,56,0.05551718945008788,0.07487990154008746,0.06519854549508766,0.07269017611554449,56.419891357421875,1.360447376147243,1.0842193109240033,0.02631578947329639,0.05,0.017857142857142856,0.1764705882348789,0.3,0.125,0.4334600760451659,0.6,0.3392857142857143,mls_residual<=0.0500
ramen_sample_009,hard,C3,0,77,77,61,0.7922077922077922,56,0.05219631300554099,0.054753927185629374,0.05347512009558518,0.05263923960441744,59.12682342529297,0.7763143446768961,0.662311153045898,0.0,0.0,0.0,0.09287925696545313,0.08196721311475409,0.10714285714285714,0.2948402948397999,0.32786885245901637,0.26785714285714285,mls_residual<=0.0500
ramen_sample_010,hard,C3,0,112,112,112,1.0,128,0.019170934211059996,0.013204333027757073,0.016187633619408535,0.01658523918140615,59.16713333129883,1.2310187588506403,1.0364033774648713,0.036764705881868504,0.044642857142857144,0.03125,0.09166666666616889,0.09821428571428571,0.0859375,0.44891304347776123,0.4375,0.4609375,dist_boundary<=0.50
ramen_sample_011,hard,C3,0,123,123,123,1.0,101,0.024366359818513077,0.013266978973215512,0.018816669395864294,0.018888693934415106,57.58599853515625,1.2365966027148834,1.429097708271911,0.0,0.0,0.0,0.08415147265028265,0.07317073170731707,0.09900990099009901,0.39002352941130874,0.3008130081300813,0.5544554455445545,dist_boundary<=0.50
ramen_sample_012,hard,C3,0,133,133,133,1.0,186,0.0056172893431004015,0.009261848503356086,0.0074395689232282436,0.007754733977118044,23.186098098754883,0.8850234405219775,0.7346111192468098,0.03960396039565159,0.07518796992481203,0.026881720430107527,0.21245652861166175,0.3609022556390977,0.15053763440860216,0.6415094339618042,0.8947368421052632,0.5,dist_boundary<=0.50
ramen_sample_013,hard,C3,0,197,197,197,1.0,56,0.15797912777397852,0.0729477717187228,0.11546344974635066,0.1210277016921269,66.1378402709961,0.7505547938715662,0.7628531825827969,0.0,0.0,0.0,0.0,0.0,0.0,0.0,0.0,0.0,dist_boundary<=0.50
ramen_sample_014,hard,C3,0,72,72,72,1.0,95,0.012242952069000779,0.01861609839876245,0.015429525233881615,0.015994156382170478,49.31058120727539,0.39560625205096683,0.442552146759976,0.047904191616275946,0.05555555555555555,0.042105263157894736,0.19160525472562945,0.3194444444444444,0.1368421052631579,0.45728845380137745,0.7638888888888888,0.3263157894736842,dist_boundary<=0.50
ramen_sample_015,hard,C3,0,94,94,94,1.0,60,0.02749406538692385,0.018009026061215853,0.02275154572406985,0.024345987743362635,63.37934112548828,0.78888373980463,0.8692786599343498,0.0,0.0,0.0,0.07228915662601479,0.06382978723404255,0.08333333333333333,0.11940298507420806,0.0851063829787234,0.2,dist_boundary<=0.50
ramen_sample_016,hard,C3,0,133,133,133,1.0,177,0.01592515012992231,0.013439242842460683,0.014682196486191498,0.01496014363623318,62.1392822265625,1.1741706812879515,1.2073527792821073,0.04123711340158529,0.05263157894736842,0.03389830508474576,0.2362000346075826,0.2932330827067669,0.1977401129943503,0.5424467712423506,0.5037593984962406,0.5875706214689266,dist_boundary<=0.50
ramen_sample_017,hard,C3,0,114,114,114,1.0,56,0.02111275815611699,0.01837522602703165,0.01974399209157432,0.02374428865360413,53.08718490600586,0.7283957609096398,0.7204239637353524,0.023529411764264083,0.017543859649122806,0.03571428571428571,0.1192660550453726,0.11403508771929824,0.125,0.6248131539606392,0.5789473684210527,0.6785714285714286,dist_boundary<=0.50
ramen_sample_018,hard,C3,0,117,117,117,1.0,56,0.029060244681177388,0.022547059128413094,0.025803651904795243,0.028257369958235443,47.11435317993164,0.8467686854405858,0.8663458119299117,0.03468208092441765,0.02564102564102564,0.05357142857142857,0.15791757049846653,0.11965811965811966,0.23214285714285715,0.6035889070141855,0.5555555555555556,0.6607142857142857,dist_boundary<=0.50
ramen_sample_019,hard,C3,0,61,61,61,1.0,56,0.0223693543011796,0.01629734432898967,0.019333349315084635,0.019542564010500457,41.25922393798828,0.9358968240931117,1.03198819610974,0.08547008546958637,0.08196721311475409,0.08928571428571429,0.34702430846555515,0.3770491803278688,0.32142857142857145,0.7774898185852173,0.6885245901639344,0.8928571428571429,dist_boundary<=0.50
ramen_sample_020,hard,C3,0,37,37,37,1.0,56,0.041884361198760905,0.028779058849530602,0.03533171002414576,0.035665457185292064,43.12329864501953,0.7784341035805854,0.7607433829146124,0.021505376343606893,0.02702702702702703,0.017857142857142856,0.11594202898500987,0.10810810810810811,0.125,0.48691358024641535,0.4594594594594595,0.5178571428571429,dist_boundary<=0.50
ramen_sample_021,hard,C3,0,86,86,86,1.0,56,0.029623578265058747,0.0137298635558897,0.021676720910474224,0.023001427946824807,50.43479919433594,1.277162086296789,1.277162086296789,0.02816901408402936,0.023255813953488372,0.03571428571428571,0.1297297297293076,0.09302325581395349,0.21428571428571427,0.4292887029284378,0.313953488372093,0.6785714285714286,dist_boundary<=0.50
ramen_sample_022,hard,C3,0,183,183,183,1.0,59,0.04136467139112602,0.0540152440158491,0.04768995770348756,0.053886334315436483,53.19218444824219,2.02769496782582,0.5214311413352325,0.0,0.0,0.0,0.0,0.0,0.0,0.0,0.0,0.0,dist_boundary<=0.50
roi_B_junction,soft,C1,0,53,53,53,1.0,53,0.04073945664226624,0.08312762443568988,0.061933540538978066,0.061933540538978066,19.503082275390625,1.6601197427510177,1.662920798888432,0.0,0.0,0.0,0.0,0.0,0.0,0.09533267130062784,0.3018867924528302,0.05660377358490566,dist_boundary<=0.50
roi_C_layered,soft,C1,0,45,45,45,1.0,69,0.009989341235944485,0.01814833069541946,0.014068835965681972,0.014617178494682746,44.81156539916992,0.23114243907161294,0.1336075438497344,0.0,0.0,0.0,0.04395604395554401,0.044444444444444446,0.043478260869565216,0.19512195121901965,0.2222222222222222,0.17391304347826086,dist_boundary<=0.50
roi_D_curved_v2,soft,C1,0,47,47,13,0.2765957446808511,160,0.019921437620198316,0.056007320313211005,0.03796437896670466,0.05975006797135313,54.06562805175781,0.9006523491845507,0.7496350805294433,0.0115606936414795,0.07692307692307693,0.00625,0.03534609720165903,0.3076923076923077,0.01875,0.37779618889776884,0.9230769230769231,0.2375,mls_residual<=0.0500
ramen_sample_001,soft,C1,0,57,57,57,1.0,56,0.012025198033970319,0.021479695178982607,0.016752446606476463,0.016737499014232087,54.8961067199707,0.438655995952249,0.29710384029737497,0.0,0.0,0.0,0.060273972602476175,0.19298245614035087,0.03571428571428571,0.5213270142176152,0.9649122807017544,0.35714285714285715,dist_boundary<=0.50
ramen_sample_002,soft,C1,0,67,67,67,1.0,206,0.0036906527688618414,0.007797117480302233,0.005743885124582037,0.006180701899077653,52.0365104675293,0.7818116753313409,0.3851134113631237,0.06593406593369555,0.13432835820895522,0.043689320388349516,0.3351955307258531,0.5970149253731343,0.23300970873786409,0.7590361445778422,1.0,0.6116504854368932,dist_boundary<=0.50
ramen_sample_003,soft,C1,0,90,90,22,0.24444444444444444,56,0.03460089318742633,0.0761308942621539,0.055365893724790116,0.0632009404989694,36.10917282104492,0.5935581076234807,0.5611508130400265,0.0,0.0,0.0,0.025641025640620638,0.045454545454545456,0.017857142857142856,0.09338521400755827,0.36363636363636365,0.05357142857142857,mls_residual<=0.0500
ramen_sample_004,soft,C1,0,26,26,26,1.0,56,0.01880372489418108,0.029328973602727442,0.02406634924845426,0.025288285953540535,59.22617721557617,0.4155223092910685,0.11984471980578308,0.02439024390200595,0.038461538461538464,0.017857142857142856,0.3658536585361523,0.5769230769230769,0.26785714285714285,0.8426966292129907,0.9615384615384616,0.75,dist_boundary<=0.50
ramen_sample_005,soft,C1,0,88,88,88,1.0,56,0.03162603951290127,0.039234057658022174,0.035430048585461726,0.0367281367863318,48.30207824707031,0.7793884707935687,0.6816112397291786,0.0,0.0,0.0,0.03488372092973282,0.03409090909090909,0.03571428571428571,0.2884615384610503,0.3409090909090909,0.25,dist_boundary<=0.50
ramen_sample_006,soft,C1,0,83,83,83,1.0,56,0.018154599311059807,0.039470541723366386,0.028812570517213094,0.02945854079950467,25.377426147460938,0.31921650476193913,0.2890668514580788,0.08205128205079311,0.0963855421686747,0.07142857142857142,0.1759259259254527,0.2289156626506024,0.14285714285714285,0.5454545454541487,1.0,0.375,dist_boundary<=0.50
ramen_sample_007,soft,C1,0,92,92,92,1.0,56,0.06524431048853668,0.061272711330217944,0.06325851090937731,0.06397186775073951,52.18217849731445,0.29178762400927666,0.17697815115583032,0.0,0.0,0.0,0.0,0.0,0.0,0.0,0.0,0.0,dist_boundary<=0.50
ramen_sample_008,soft,C1,0,53,53,25,0.4716981132075472,56,0.044411449898353654,0.09099019874505919,0.06770082432170642,0.071919401504942,59.916839599609375,0.8573193433744224,0.6810234556556862,0.024691358024264594,0.04,0.017857142857142856,0.08450704225318788,0.2,0.05357142857142857,0.4061895551253586,0.84,0.26785714285714285,mls_residual<=0.0500
ramen_sample_009,soft,C1,0,77,77,77,1.0,56,0.03166277006183881,0.09004939874618934,0.06085608440401408,0.061097430125096656,62.65262985229492,0.518003599443095,0.1409052082185046,0.0,0.0,0.0,0.030981067125415505,0.11688311688311688,0.017857142857142856,0.3986710963451342,0.7792207792207793,0.26785714285714285,dist_boundary<=0.50
ramen_sample_010,soft,C1,0,112,112,112,1.0,128,0.006151287115813929,0.02099195434159637,0.01357162072870515,0.01401360661819969,58.52772903442383,0.6170015616933966,0.4356697428880103,0.05128205128175674,0.14285714285714285,0.03125,0.1944894651536884,0.5714285714285714,0.1171875,0.483076263924222,0.9821428571428571,0.3203125,dist_boundary<=0.50
ramen_sample_011,soft,C1,0,123,123,123,1.0,101,0.009619909423307425,0.016638691020610625,0.013129300221959024,0.013140930256064894,55.51252746582031,1.4259573100665743,0.6986980599635674,0.031047865458750705,0.032520325203252036,0.0297029702970297,0.15625652809652368,0.2764227642276423,0.10891089108910891,0.4844798657713912,0.8048780487804879,0.3465346534653465,dist_boundary<=0.50
ramen_sample_012,soft,C1,0,133,133,133,1.0,186,0.006287990369864576,0.01317579289584242,0.009731891632853498,0.009816536481296668,42.41371154785156,0.47295984312173506,0.4898376368699209,0.053631284915706984,0.06015037593984962,0.04838709677419355,0.24630389348973655,0.3233082706766917,0.1989247311827957,0.5578607032192576,0.7593984962406015,0.44086021505376344,dist_boundary<=0.50
ramen_sample_013,soft,C1,0,197,197,197,1.0,56,0.16841936520675216,0.12913560955078066,0.1487774873787664,0.15060533116998254,64.77323150634766,0.7150493363925278,0.5359422582013273,0.0,0.0,0.0,0.0,0.0,0.0,0.0,0.0,0.0,dist_boundary<=0.50
ramen_sample_014,soft,C1,0,72,72,72,1.0,95,0.010300530976320645,0.015088962632647357,0.012694746804484,0.012662216157631155,54.30409240722656,0.3119384485699781,0.27278677881258506,0.06615214994437434,0.06944444444444445,0.06315789473684211,0.2574257425737987,0.3611111111111111,0.2,0.6878523833926493,0.8472222222222222,0.5789473684210527,dist_boundary<=0.50
ramen_sample_015,soft,C1,0,94,94,94,1.0,60,0.016379499132924902,0.0424999283992322,0.029439713766078554,0.029406954458863113,63.63125991821289,0.5273266953922111,0.32745864179895257,0.0,0.0,0.0,0.0,0.0,0.0,0.05973451327414994,0.2872340425531915,0.03333333333333333,dist_boundary<=0.50
ramen_sample_016,soft,C1,0,133,133,133,1.0,177,0.008814996541982562,0.02619188353481837,0.017503440038400465,0.017598319358941978,49.85036087036133,0.5094380769902837,0.8417455661789568,0.008213552360999271,0.015037593984962405,0.005649717514124294,0.0583941605837027,0.21052631578947367,0.03389830508474576,0.3448840187843987,0.9849624060150376,0.20903954802259886,dist_boundary<=0.50
ramen_sample_017,soft,C1,0,114,114,114,1.0,56,0.015284772494463188,0.04026743968018671,0.027776106087324948,0.02807549166761079,67.85943603515625,0.9923486550332803,0.5186988274184621,0.0,0.0,0.0,0.06206896551701365,0.23684210526315788,0.03571428571428571,0.2680479119453365,0.8070175438596491,0.16071428571428573,dist_boundary<=0.50
ramen_sample_018,soft,C1,0,117,117,86,0.7350427350427351,56,0.017330440819747328,0.04179974897690395,0.02956509489832564,0.029691006597991444,24.909210205078125,0.5282185286908451,0.3899216488245893,0.0,0.0,0.0,0.047244094487741084,0.06976744186046512,0.03571428571428571,0.4657534246571769,1.0,0.30357142857142855,mls_residual<=0.0500
ramen_sample_019,soft,C1,0,61,61,61,1.0,56,0.018658879423829006,0.0378693107529009,0.02826409508836495,0.028305758329714475,23.441659927368164,0.6784663178639928,0.22512653668780933,0.0,0.0,0.0,0.060453400503518245,0.19672131147540983,0.03571428571428571,0.3794466403158396,0.7868852459016393,0.25,dist_boundary<=0.50
ramen_sample_020,soft,C1,0,37,37,37,1.0,56,0.019086181928811327,0.030673883886622812,0.02488003290771707,0.02510744112227327,50.166664123535156,0.2542798344234295,0.06696461387887735,0.0,0.0,0.0,0.1368078175891149,0.1891891891891892,0.10714285714285714,0.6168876482898541,0.918918918918919,0.4642857142857143,dist_boundary<=0.50
ramen_sample_021,soft,C1,0,86,86,86,1.0,56,0.013736473942574637,0.025813073556272843,0.01977477374942374,0.020276966794322716,63.885799407958984,3.154629764784632e-06,3.154629764784632e-06,0.0,0.0,0.0,0.11167512690321205,0.2558139534883721,0.07142857142857142,0.4164037854885636,0.7674418604651163,0.2857142857142857,dist_boundary<=0.50
ramen_sample_022,soft,C1,0,183,183,183,1.0,59,0.03977091584831462,0.06421497967044501,0.051992947759379814,0.05192461386994725,52.2751350402832,1.9201621703892766,0.35547937196569396,0.0,0.0,0.0,0.0,0.0,0.0,0.0,0.0,0.0,dist_boundary<=0.50
roi_B_junction,soft,C3,0,53,53,23,0.4339622641509434,53,0.044181391557365446,0.06559632440315656,0.054888857980261004,0.061711581555495124,32.345237731933594,1.3672944401970197,1.3716429616266774,0.0,0.0,0.0,0.02631578947326212,0.043478260869565216,0.018867924528301886,0.19123505976049182,0.2608695652173913,0.1509433962264151,mls_residual<=0.0500
roi_C_layered,soft,C3,0,45,45,45,1.0,69,0.010447090102054666,0.01536992764732476,0.012908508874689712,0.013417345153644337,48.63441848754883,0.22728324540187433,0.1684612043397865,0.0,0.0,0.0,0.01754385964864497,0.022222222222222223,0.014492753623188406,0.14035087719250464,0.17777777777777778,0.11594202898550725,mls_residual<=0.0500
roi_D_curved_v2,soft,C3,0,47,47,13,0.2765957446808511,160,0.019921437620198316,0.056007320313211005,0.03796437896670466,0.05975006797135313,54.06562805175781,0.9395367482181802,0.797239545229737,0.0115606936414795,0.07692307692307693,0.00625,0.03534609720165903,0.3076923076923077,0.01875,0.37779618889776884,0.9230769230769231,0.2375,mls_residual<=0.0500
ramen_sample_001,soft,C3,0,57,57,57,1.0,56,0.02145175200423474,0.01418536374941692,0.01781855787682583,0.01782283760175388,40.04258728027344,0.7424184105899844,0.6858015378462233,0.035398230087995614,0.03508771929824561,0.03571428571428571,0.13245033112536117,0.10526315789473684,0.17857142857142858,0.5393258426961686,0.42105263157894735,0.75,mls_residual<=0.0500
ramen_sample_002,soft,C3,0,67,67,67,1.0,206,0.0063641886388758175,0.006118439442732092,0.006241314040803955,0.007579540726941015,40.326927185058594,0.7355433641198881,0.7180748165509454,0.06902502156990825,0.11940298507462686,0.04854368932038835,0.2825948965337184,0.31343283582089554,0.25728155339805825,0.7272998954021995,0.7313432835820896,0.7233009708737864,mls_residual<=0.0500
ramen_sample_003,soft,C3,0,90,90,71,0.7888888888888889,56,0.04302571614040797,0.03575394376946221,0.03938982995493509,0.04115297763927215,35.81296920776367,0.917528582373088,0.8738942557822174,0.031496062991632955,0.028169014084507043,0.03571428571428571,0.0944881889758849,0.08450704225352113,0.10714285714285714,0.3633860977283397,0.3380281690140845,0.39285714285714285,mls_residual<=0.0500
ramen_sample_004,soft,C3,0,26,26,23,0.8846153846153846,56,0.03673185171051379,0.02971767840767119,0.03322476505909249,0.03510987572631529,55.73295211791992,1.017466451597177,0.8466071677813658,0.11799410029453694,0.17391304347826086,0.08928571428571429,0.3174603174598539,0.43478260869565216,0.25,0.6572769953046674,0.6086956521739131,0.7142857142857143,mls_residual<=0.0500
ramen_sample_005,soft,C3,0,88,88,70,0.7954545454545454,56,0.042109896474320514,0.04938945722839551,0.045749676851358015,0.04610202547382938,54.38446044921875,0.7779144907181595,0.8290587616247898,0.0,0.0,0.0,0.04761904761855379,0.04285714285714286,0.05357142857142857,0.35463029432828785,0.37142857142857144,0.3392857142857143,mls_residual<=0.0500
ramen_sample_006,soft,C3,0,83,83,81,0.9759036144578314,56,0.02713084523966531,0.02253429751196431,0.024832571375814808,0.0253497969801892,39.3719596862793,0.7974160705215487,0.7389084956193739,0.058394160583458254,0.04938271604938271,0.07142857142857142,0.1690507152140658,0.16049382716049382,0.17857142857142858,0.6613466334159601,0.6296296296296297,0.6964285714285714,mls_residual<=0.0500
ramen_sample_007,soft,C3,0,92,92,81,0.8804347826086957,56,0.060804632374297105,0.0606465399556715,0.0607255861649843,0.06131560228875159,52.179534912109375,0.28514226619356287,0.1897436439189605,0.0,0.0,0.0,0.0,0.0,0.0,0.0,0.0,0.0,mls_residual<=0.0500
ramen_sample_008,soft,C3,0,53,53,21,0.39622641509433965,56,0.04414571831989957,0.06735062254177807,0.05574817043083882,0.07050858283538157,69.20183563232422,1.2391761239477108,1.4084940467730556,0.05714285714253715,0.14285714285714285,0.03571428571428571,0.13605442176834467,0.2857142857142857,0.08928571428571429,0.6037735849051818,0.7619047619047619,0.5,mls_residual<=0.0500
ramen_sample_009,soft,C3,0,77,77,67,0.8701298701298701,56,0.047950615105285754,0.06268154902188457,0.05531608206358516,0.057041236987772984,54.65251159667969,0.585838620039976,0.40801526940343785,0.0,0.0,0.0,0.0,0.0,0.0,0.2898550724633303,0.44776119402985076,0.21428571428571427,mls_residual<=0.0500
ramen_sample_010,soft,C3,0,112,112,112,1.0,128,0.018530493293882882,0.009686653662872136,0.014108573478377509,0.014329116071435192,52.24885940551758,1.13241930259722,0.9736338520030249,0.02499999999950222,0.026785714285714284,0.0234375,0.1560283687938305,0.14285714285714285,0.171875,0.5376838235289688,0.4017857142857143,0.8125,mls_residual<=0.0500
ramen_sample_011,soft,C3,0,123,123,123,1.0,101,0.01866447088232375,0.010974417953632042,0.014819444417977896,0.015071280578464763,58.117496490478516,1.283286898978263,1.3471666314209276,0.017857142856647683,0.016260162601626018,0.019801980198019802,0.22655878153215703,0.17073170731707318,0.33663366336633666,0.6050637829432418,0.5203252032520326,0.7227722772277227,mls_residual<=0.0500
ramen_sample_012,soft,C3,0,133,133,133,1.0,186,0.007835120908402972,0.008097186995098567,0.007966153951750769,0.008194472465723662,38.74702453613281,0.7861656384310274,0.7435611333774952,0.04630012401771585,0.06015037593984962,0.03763440860215054,0.26137329110941027,0.2706766917293233,0.25268817204301075,0.6156825417660015,0.6240601503759399,0.6075268817204301,mls_residual<=0.0500
ramen_sample_013,soft,C3,0,197,197,148,0.751269035532995,56,0.1519930852481702,0.10462872651291368,0.12831090588054195,0.13523665843108948,67.66930389404297,0.7470875723951169,0.6871790724129637,0.0,0.0,0.0,0.0,0.0,0.0,0.0,0.0,0.0,mls_residual<=0.0500
ramen_sample_014,soft,C3,0,72,72,72,1.0,95,0.009116711592666237,0.014032906888444906,0.01157480924055557,0.011696767618174054,46.03624725341797,0.24454477177208458,0.4405358730965568,0.07150153217518992,0.06944444444444445,0.07368421052631578,0.33057851239622704,0.4444444444444444,0.2631578947368421,0.7493462831523042,0.9444444444444444,0.6210526315789474,mls_residual<=0.0500
ramen_sample_015,soft,C3,0,94,94,94,1.0,60,0.02431798357634493,0.018839224638561067,0.021578604107453,0.021971915895147173,66.11351776123047,0.7413216920546433,0.7914446453165124,0.0,0.0,0.0,0.03896103896056333,0.031914893617021274,0.05,0.16901408450659475,0.1276595744680851,0.25,mls_residual<=0.0500
ramen_sample_016,soft,C3,0,133,133,133,1.0,177,0.014194542587260689,0.011181854004456508,0.0126881982958586,0.013396506034629838,62.42207336425781,0.8302499279048504,0.946899603336844,0.05806451612854233,0.06766917293233082,0.05084745762711865,0.23498279968196775,0.2781954887218045,0.2033898305084746,0.7110049275790132,0.6992481203007519,0.7231638418079096,mls_residual<=0.0500
ramen_sample_017,soft,C3,0,114,114,114,1.0,56,0.021044343408821272,0.021715179092396914,0.021379761250609093,0.021578817405651027,59.163124084472656,0.7953768828632582,0.6108365284277971,0.0,0.0,0.0,0.06075949367039507,0.07017543859649122,0.05357142857142857,0.5486725663711813,0.543859649122807,0.5535714285714286,mls_residual<=0.0500
ramen_sample_018,soft,C3,0,117,117,100,0.8547008547008547,56,0.0364319555769211,0.026854872486376666,0.03164341403164889,0.03303197272707943,42.53141784667969,0.7967760355436821,0.7722779950127124,0.012820512820052598,0.01,0.017857142857142856,0.09395973154318274,0.07,0.14285714285714285,0.45136186770378844,0.4,0.5178571428571429,mls_residual<=0.0500
ramen_sample_019,soft,C3,0,61,61,61,1.0,56,0.02740010031432141,0.016724955993436062,0.022062528153878734,0.023192530186315376,29.446908950805664,1.0897942560878935,1.1369341669973634,0.01709401709351801,0.01639344262295082,0.017857142857142856,0.23873610298372408,0.19672131147540983,0.30357142857142855,0.6182045407202432,0.45901639344262296,0.9464285714285714,mls_residual<=0.0500
ramen_sample_020,soft,C3,0,37,37,36,0.972972972972973,56,0.0423978249843933,0.028888404122659004,0.03564311455352615,0.03814408116368813,42.609012603759766,0.7375971594335865,0.7450221012486645,0.02173913043430624,0.027777777777777776,0.017857142857142856,0.11764705882303114,0.1111111111111111,0.125,0.4705882352936194,0.4444444444444444,0.5,mls_residual<=0.0500
ramen_sample_021,soft,C3,0,86,86,86,1.0,56,0.013210612870916004,0.023707558025295578,0.018459085448105792,0.018774029517520895,64.3104248046875,0.33279572321536827,0.33279572321536827,0.0,0.0,0.0,0.08849557522076747,0.11627906976744186,0.07142857142857142,0.4197530864193631,0.7906976744186046,0.2857142857142857,mls_residual<=0.0500
ramen_sample_022,soft,C3,0,183,183,183,1.0,59,0.039667626523611756,0.06414147833116167,0.051904552427386716,0.05179848674653395,52.59418869018555,1.9794225857878085,0.5280234259734978,0.0,0.0,0.0,0.0,0.0,0.0,0.0,0.0,0.0,mls_residual<=0.0500
roi_B_junction,adaptive,C1,0,53,53,53,1.0,53,0.04073945664226624,0.08312762443568988,0.061933540538978066,0.061933540538978066,19.503082275390625,1.6600983761195713,1.6628994634651615,0.0,0.0,0.0,0.0,0.0,0.0,0.09533267130062784,0.3018867924528302,0.05660377358490566,dist_boundary<=0.50
roi_C_layered,adaptive,C1,0,45,45,45,1.0,69,0.009989341235944485,0.01814833069541946,0.014068835965681972,0.014617178494682746,44.81156539916992,0.23063688709500824,0.13335679711647222,0.0,0.0,0.0,0.04395604395554401,0.044444444444444446,0.043478260869565216,0.19512195121901965,0.2222222222222222,0.17391304347826086,dist_boundary<=0.50
roi_D_curved_v2,adaptive,C1,0,47,47,13,0.2765957446808511,160,0.019921437620198316,0.056007320313211005,0.03796437896670466,0.05975006797135313,54.06562805175781,0.9026401152747632,0.7518898171156349,0.0115606936414795,0.07692307692307693,0.00625,0.03534609720165903,0.3076923076923077,0.01875,0.37779618889776884,0.9230769230769231,0.2375,mls_residual<=0.0500
ramen_sample_001,adaptive,C1,0,57,57,57,1.0,56,0.012025198033970319,0.021479695178982607,0.016752446606476463,0.016737499014232087,54.8961067199707,0.43912407242440665,0.2944530196591441,0.0,0.0,0.0,0.060273972602476175,0.19298245614035087,0.03571428571428571,0.5213270142176152,0.9649122807017544,0.35714285714285715,dist_boundary<=0.50
ramen_sample_002,adaptive,C1,0,67,67,67,1.0,206,0.0036906527688618414,0.007797117480302233,0.005743885124582037,0.006180701899077653,52.0365104675293,0.7791187854380986,0.3904360372027961,0.06593406593369555,0.13432835820895522,0.043689320388349516,0.3351955307258531,0.5970149253731343,0.23300970873786409,0.7590361445778422,1.0,0.6116504854368932,dist_boundary<=0.50
ramen_sample_003,adaptive,C1,0,90,90,22,0.24444444444444444,56,0.03460089318742633,0.0761308942621539,0.055365893724790116,0.0632009404989694,36.10917282104492,0.5896598735236069,0.5571173133380825,0.0,0.0,0.0,0.025641025640620638,0.045454545454545456,0.017857142857142856,0.09338521400755827,0.36363636363636365,0.05357142857142857,mls_residual<=0.0500
ramen_sample_004,adaptive,C1,0,26,26,26,1.0,56,0.01880372489418108,0.029328973602727442,0.02406634924845426,0.025288285953540535,59.22617721557617,0.41795588345613416,0.10940155345101824,0.02439024390200595,0.038461538461538464,0.017857142857142856,0.3658536585361523,0.5769230769230769,0.26785714285714285,0.8426966292129907,0.9615384615384616,0.75,dist_boundary<=0.50
ramen_sample_005,adaptive,C1,0,88,88,88,1.0,56,0.03162603951290127,0.039234057658022174,0.035430048585461726,0.0367281367863318,48.30207824707031,0.7734141771373091,0.6747632495197845,0.0,0.0,0.0,0.03488372092973282,0.03409090909090909,0.03571428571428571,0.2884615384610503,0.3409090909090909,0.25,dist_boundary<=0.50
ramen_sample_006,adaptive,C1,0,83,83,83,1.0,56,0.018154599311059807,0.039470541723366386,0.028812570517213094,0.02945854079950467,25.377426147460938,0.3687038419082529,0.30283292921906924,0.08205128205079311,0.0963855421686747,0.07142857142857142,0.1759259259254527,0.2289156626506024,0.14285714285714285,0.5454545454541487,1.0,0.375,dist_boundary<=0.50
ramen_sample_007,adaptive,C1,0,92,92,92,1.0,56,0.07655898598467768,0.0756324923917412,0.07609573918820944,0.07646097146599434,34.80751037597656,0.35337338273555124,0.30055001297685713,0.0,0.0,0.0,0.0,0.0,0.0,0.0,0.0,0.0,dist_boundary<=0.50
ramen_sample_008,adaptive,C1,0,53,53,25,0.4716981132075472,56,0.044411449898353654,0.09099019874505919,0.06770082432170642,0.071919401504942,59.916839599609375,0.8532180022275708,0.6755053975947427,0.024691358024264594,0.04,0.017857142857142856,0.08450704225318788,0.2,0.05357142857142857,0.4061895551253586,0.84,0.26785714285714285,mls_residual<=0.0500
ramen_sample_009,adaptive,C1,0,77,77,77,1.0,56,0.03166277006183881,0.09004939874618934,0.06085608440401408,0.061097430125096656,62.65262985229492,0.5192812005298573,0.1385730368484226,0.0,0.0,0.0,0.030981067125415505,0.11688311688311688,0.017857142857142856,0.3986710963451342,0.7792207792207793,0.26785714285714285,dist_boundary<=0.50
ramen_sample_010,adaptive,C1,0,112,112,112,1.0,128,0.006151287115813929,0.02099195434159637,0.01357162072870515,0.01401360661819969,58.52772903442383,0.6098346297432511,0.44102795583506627,0.05128205128175674,0.14285714285714285,0.03125,0.1944894651536884,0.5714285714285714,0.1171875,0.483076263924222,0.9821428571428571,0.3203125,dist_boundary<=0.50
ramen_sample_011,adaptive,C1,0,123,123,123,1.0,101,0.009619909423307425,0.016638691020610625,0.013129300221959024,0.013140930256064894,55.51252746582031,1.411357235727704,0.691485990624276,0.031047865458750705,0.032520325203252036,0.0297029702970297,0.15625652809652368,0.2764227642276423,0.10891089108910891,0.4844798657713912,0.8048780487804879,0.3465346534653465,dist_boundary<=0.50
ramen_sample_012,adaptive,C1,0,133,133,133,1.0,186,0.006203138580608609,0.013321525059925619,0.009762331820267114,0.00980042158587063,42.54409408569336,0.47494137187508484,0.4889527261412188,0.05015673981142603,0.06015037593984962,0.043010752688172046,0.24809575625632385,0.3157894736842105,0.20430107526881722,0.5598768324515078,0.7669172932330827,0.44086021505376344,dist_boundary<=0.50
ramen_sample_013,adaptive,C1,0,197,197,197,1.0,56,0.16841936520675216,0.12913560955078066,0.1487774873787664,0.15060533116998254,64.77323150634766,0.7159356372985684,0.53122681193684,0.0,0.0,0.0,0.0,0.0,0.0,0.0,0.0,0.0,dist_boundary<=0.50
ramen_sample_014,adaptive,C1,0,72,72,72,1.0,95,0.010300530976320645,0.015088962632647357,0.012694746804484,0.012662216157631155,54.30409240722656,0.31915440278543716,0.2846842818190142,0.06615214994437434,0.06944444444444445,0.06315789473684211,0.2574257425737987,0.3611111111111111,0.2,0.6878523833926493,0.8472222222222222,0.5789473684210527,dist_boundary<=0.50
ramen_sample_015,adaptive,C1,0,94,94,94,1.0,60,0.016379499132924902,0.0424999283992322,0.029439713766078554,0.029406954458863113,63.63125991821289,0.5144702377538332,0.31596271094750955,0.0,0.0,0.0,0.0,0.0,0.0,0.05973451327414994,0.2872340425531915,0.03333333333333333,dist_boundary<=0.50
ramen_sample_016,adaptive,C1,0,133,133,133,1.0,177,0.008814996541982562,0.02619188353481837,0.017503440038400465,0.017598319358941978,49.85036087036133,0.5148620862837278,0.8559005355940663,0.008213552360999271,0.015037593984962405,0.005649717514124294,0.0583941605837027,0.21052631578947367,0.03389830508474576,0.3448840187843987,0.9849624060150376,0.20903954802259886,dist_boundary<=0.50
ramen_sample_017,adaptive,C1,0,114,114,114,1.0,56,0.015284772494463188,0.04026743968018671,0.027776106087324948,0.02807549166761079,67.85943603515625,1.017787521642374,0.4936638582027711,0.0,0.0,0.0,0.06206896551701365,0.23684210526315788,0.03571428571428571,0.2680479119453365,0.8070175438596491,0.16071428571428573,dist_boundary<=0.50
ramen_sample_018,adaptive,C1,0,117,117,86,0.7350427350427351,56,0.017330440819747328,0.04179974897690395,0.02956509489832564,0.029691006597991444,24.909210205078125,0.5114914842536471,0.373640313499784,0.0,0.0,0.0,0.047244094487741084,0.06976744186046512,0.03571428571428571,0.4657534246571769,1.0,0.30357142857142855,mls_residual<=0.0500
ramen_sample_019,adaptive,C1,0,61,61,61,1.0,56,0.018658879423829006,0.0378693107529009,0.02826409508836495,0.028305758329714475,23.441659927368164,0.6640423808403871,0.20520692399083745,0.0,0.0,0.0,0.060453400503518245,0.19672131147540983,0.03571428571428571,0.3794466403158396,0.7868852459016393,0.25,dist_boundary<=0.50
ramen_sample_020,adaptive,C1,0,37,37,37,1.0,56,0.019086181928811327,0.030673883886622812,0.02488003290771707,0.02510744112227327,50.166664123535156,0.2551394267752229,0.0716631888460519,0.0,0.0,0.0,0.1368078175891149,0.1891891891891892,0.10714285714285714,0.6168876482898541,0.918918918918919,0.4642857142857143,dist_boundary<=0.50
ramen_sample_021,adaptive,C1,0,86,86,86,1.0,56,0.013736473942574637,0.025813073556272843,0.01977477374942374,0.020276966794322716,63.885799407958984,2.649148934807761e-06,2.649148934807761e-06,0.0,0.0,0.0,0.11167512690321205,0.2558139534883721,0.07142857142857142,0.4164037854885636,0.7674418604651163,0.2857142857142857,dist_boundary<=0.50
ramen_sample_022,adaptive,C1,0,183,183,183,1.0,59,0.03977091584831462,0.06421497967044501,0.051992947759379814,0.05192461386994725,52.2751350402832,1.9393095324595038,0.3737098760038442,0.0,0.0,0.0,0.0,0.0,0.0,0.0,0.0,0.0,dist_boundary<=0.50
roi_B_junction,adaptive,C3,0,53,53,23,0.4339622641509434,53,0.044181391557365446,0.06559632440315656,0.054888857980261004,0.061711581555495124,32.345237731933594,1.3667718121135939,1.3711219789177513,0.0,0.0,0.0,0.02631578947326212,0.043478260869565216,0.018867924528301886,0.19123505976049182,0.2608695652173913,0.1509433962264151,mls_residual<=0.0500
roi_C_layered,adaptive,C3,0,45,45,45,1.0,69,0.010447090102054666,0.01536992764732476,0.012908508874689712,0.013417345153644337,48.63441848754883,0.22613541896634798,0.1688497026962205,0.0,0.0,0.0,0.01754385964864497,0.022222222222222223,0.014492753623188406,0.14035087719250464,0.17777777777777778,0.11594202898550725,mls_residual<=0.0500
roi_D_curved_v2,adaptive,C3,0,47,47,13,0.2765957446808511,160,0.019921437620198316,0.056007320313211005,0.03796437896670466,0.05975006797135313,54.06562805175781,0.9410552900448744,0.7989730551197972,0.0115606936414795,0.07692307692307693,0.00625,0.03534609720165903,0.3076923076923077,0.01875,0.37779618889776884,0.9230769230769231,0.2375,mls_residual<=0.0500
ramen_sample_001,adaptive,C3,0,57,57,57,1.0,56,0.01962789648258328,0.014321855153758683,0.016974875818170983,0.016753293360735902,39.3087272644043,0.7788317200541843,0.7080820645235094,0.023668639052807396,0.03508771929824561,0.017857142857142856,0.1946902654862257,0.19298245614035087,0.19642857142857142,0.6286836935162065,0.5614035087719298,0.7142857142857143,mls_residual<=0.0500
ramen_sample_002,adaptive,C3,0,67,67,67,1.0,206,0.005454222064360705,0.00654531582075679,0.005999768942558747,0.007232977333029696,41.93547439575195,0.7289733930789211,0.6939571970499906,0.07326007325970288,0.14925373134328357,0.04854368932038835,0.3029622980246655,0.40298507462686567,0.24271844660194175,0.7228915662645656,0.8059701492537313,0.6553398058252428,mls_residual<=0.0500
ramen_sample_003,adaptive,C3,0,90,90,64,0.7111111111111111,56,0.04318156366032105,0.03763719533712636,0.0404093794987237,0.040039577935665066,40.62551498413086,0.888113637452374,0.8866282870389235,0.0,0.0,0.0,0.08333333333283555,0.078125,0.08928571428571429,0.3670212765952449,0.359375,0.375,mls_residual<=0.0500
ramen_sample_004,adaptive,C3,0,26,26,25,0.9615384615384616,56,0.04661060616854014,0.024394719795880964,0.03550266298221055,0.03735915242311815,52.64995193481445,1.0411982000709588,0.8028149070613442,0.11461318051529956,0.16,0.08928571428571429,0.4052863436118349,0.4,0.4107142857142857,0.5853658536580606,0.48,0.75,mls_residual<=0.0500
ramen_sample_005,adaptive,C3,0,88,88,70,0.7954545454545454,56,0.042226547406442466,0.05177984236123674,0.047003194883839604,0.047189390432906236,53.038047790527344,0.7328245156652087,0.7553774617574233,0.015873015872522045,0.014285714285714285,0.017857142857142856,0.04761904761855379,0.04285714285714286,0.05357142857142857,0.2993197278906576,0.3142857142857143,0.2857142857142857,mls_residual<=0.0500
ramen_sample_006,adaptive,C3,0,83,83,83,1.0,56,0.032010945158675065,0.02241645583758034,0.027213700498127703,0.02839711502984798,43.15224075317383,0.7542143528213406,0.6352169456299892,0.06535947712368662,0.060240963855421686,0.07142857142857142,0.16873156342136622,0.13253012048192772,0.23214285714285715,0.6308747282149302,0.5542168674698795,0.7321428571428571,mls_residual<=0.0500
ramen_sample_007,adaptive,C3,0,92,92,66,0.717391304347826,56,0.07972880473621895,0.07311722679633122,0.07642301576627508,0.07657392441462979,44.038787841796875,0.3198310641999344,0.1881644089922408,0.0,0.0,0.0,0.0,0.0,0.0,0.0,0.0,0.0,mls_residual<=0.0500
ramen_sample_008,adaptive,C3,0,53,53,23,0.4339622641509434,56,0.054336396178867256,0.06987637966189672,0.06210638792038199,0.07537862771894685,63.33528518676758,1.3883085278675702,1.2809437957283796,0.0506329113919923,0.08695652173913043,0.03571428571428571,0.14354066985601704,0.21739130434782608,0.10714285714285714,0.5267727930530546,0.6086956521739131,0.4642857142857143,mls_residual<=0.0500
ramen_sample_009,adaptive,C3,0,77,77,72,0.935064935064935,56,0.0490353428217142,0.05884281235178649,0.053939077586750345,0.05386019503701577,57.00320053100586,0.5921201336520995,0.42239026997867735,0.0,0.0,0.0,0.015624999999507814,0.013888888888888888,0.017857142857142856,0.2763157894732261,0.3888888888888889,0.21428571428571427,mls_residual<=0.0500
ramen_sample_010,adaptive,C3,0,112,112,112,1.0,128,0.019230083584843953,0.009887100027348678,0.014558591806096316,0.014747093095960529,49.74679183959961,1.1456132129809893,0.9943740183853494,0.019736842104797783,0.026785714285714284,0.015625,0.19499999999950082,0.1875,0.203125,0.5421374764590529,0.41964285714285715,0.765625,mls_residual<=0.0500
ramen_sample_011,adaptive,C3,0,123,123,123,1.0,101,0.017282454414626777,0.012000789682231255,0.014641622048429016,0.015176649494355732,55.06584930419922,1.2320463695897554,1.2447541876067363,0.03571428571379054,0.032520325203252036,0.039603960396039604,0.2053571428566477,0.18699186991869918,0.22772277227722773,0.6262471220255961,0.5853658536585366,0.6732673267326733,mls_residual<=0.0500
ramen_sample_012,adaptive,C3,0,133,133,133,1.0,186,0.007892234725115325,0.008374906912412175,0.008133570818763751,0.008407854696657592,39.499061584472656,0.7734132728969316,0.6987593688932578,0.06269592476440408,0.07518796992481203,0.053763440860215055,0.22408863473860408,0.24812030075187969,0.20430107526881722,0.618407445707882,0.6917293233082706,0.5591397849462365,mls_residual<=0.0500
ramen_sample_013,adaptive,C3,0,197,197,150,0.7614213197969543,56,0.14307577743463903,0.11303927223227932,0.12805752483345917,0.12798379924004055,65.95548248291016,0.6941531772894736,0.6472607449391341,0.0,0.0,0.0,0.0,0.0,0.0,0.00970873786368178,0.006666666666666667,0.017857142857142856,mls_residual<=0.0500
ramen_sample_014,adaptive,C3,0,72,72,72,1.0,95,0.009116711592666237,0.014032906888444906,0.01157480924055557,0.011696767618174054,46.03624725341797,0.2774060980545898,0.37770971696755284,0.07150153217518992,0.06944444444444445,0.07368421052631578,0.33057851239622704,0.4444444444444444,0.2631578947368421,0.7493462831523042,0.9444444444444444,0.6210526315789474,mls_residual<=0.0500
ramen_sample_015,adaptive,C3,0,94,94,94,1.0,60,0.024223908801522635,0.020747718997077152,0.022485813899299892,0.022581787153283267,63.76359939575195,0.7636319759961705,0.8307358826626591,0.0,0.0,0.0,0.03896103896056333,0.031914893617021274,0.05,0.11290322580608482,0.07446808510638298,0.23333333333333334,mls_residual<=0.0500
ramen_sample_016,adaptive,C3,0,133,133,133,1.0,177,0.012905951792558875,0.014290574415519152,0.013598263104039013,0.01401282257372442,57.93355178833008,0.8678330156897969,1.008796185992983,0.0,0.0,0.0,0.20645161290273586,0.24060150375939848,0.1807909604519774,0.6441824507146255,0.7593984962406015,0.559322033898305,mls_residual<=0.0500
ramen_sample_017,adaptive,C3,0,114,114,114,1.0,56,0.020177669565803392,0.021229521687634638,0.020703595626719015,0.022181824303760037,56.78821563720703,0.8409549886721245,0.6204858794654656,0.011764705881911142,0.008771929824561403,0.017857142857142856,0.0785854616890946,0.07017543859649122,0.08928571428571429,0.6048780487799921,0.6666666666666666,0.5535714285714286,mls_residual<=0.0500
ramen_sample_018,adaptive,C3,0,117,117,98,0.8376068376068376,56,0.03760313811046157,0.0254574054843987,0.031530271797430134,0.034884212955367984,42.06757736206055,0.7419721941893922,0.7406032812531295,0.025974025973563165,0.02040816326530612,0.03571428571428571,0.09266409266360179,0.08163265306122448,0.10714285714285714,0.5162180814349839,0.4489795918367347,0.6071428571428571,mls_residual<=0.0500
ramen_sample_019,adaptive,C3,0,61,61,61,1.0,56,0.026338359127793077,0.016403024379767508,0.021370691753780292,0.020911471923625934,32.5191535949707,0.9712809637108343,1.0987828254075536,0.034188034187535105,0.03278688524590164,0.03571428571428571,0.3201391909521124,0.26229508196721313,0.4107142857142857,0.6750248756214317,0.5245901639344263,0.9464285714285714,mls_residual<=0.0500
ramen_sample_020,adaptive,C3,0,37,37,36,0.972972972972973,56,0.0423978249843933,0.028888404122659004,0.03564311455352615,0.03814408116368813,42.609012603759766,0.7276423032029251,0.7408129987451451,0.02173913043430624,0.027777777777777776,0.017857142857142856,0.11764705882303114,0.1111111111111111,0.125,0.4705882352936194,0.4444444444444444,0.5,mls_residual<=0.0500
ramen_sample_021,adaptive,C3,0,86,86,86,1.0,56,0.013210612870916004,0.023707558025295578,0.018459085448105792,0.018774029517520895,64.3104248046875,0.3327957231884766,0.3327957231884766,0.0,0.0,0.0,0.08849557522076747,0.11627906976744186,0.07142857142857142,0.4197530864193631,0.7906976744186046,0.2857142857142857,mls_residual<=0.0500
ramen_sample_022,adaptive,C3,0,183,183,183,1.0,59,0.039667626523611756,0.06414147833116167,0.051904552427386716,0.05179848674653395,52.59418869018555,2.028465041734608,0.5683688172269329,0.0,0.0,0.0,0.0,0.0,0.0,0.0,0.0,0.0,mls_residual<=0.0500
