roi,policy,method,seed,N_budget,N_spawn,N_GT_evaluation_only,pred_to_gt,gt_to_pred,symmetric_chamfer,equal_cardinality_chamfer,normal_error,appearance_rmse,seam_error,runtime_s,fscore_0.5x,precision_0.5x,recall_0.5x,fscore_1.0x,precision_1.0x,recall_1.0x,fscore_2.0x,precision_2.0x,recall_2.0x
roi_B_junction,hard,C0,0,53,53,53,0.04073945664226624,0.08312762443568988,0.061933540538978066,0.061933540538978066,19.503082275390625,1.6780332340387918,1.680804441212129,3.3067877292633057,0.0,0.0,0.0,0.0,0.0,0.0,0.09533267130062784,0.3018867924528302,0.05660377358490566
roi_B_junction,hard,C1,0,53,53,53,0.045402941733106335,0.03962575059739719,0.042514346165251765,0.042514346165251765,29.71688461303711,1.6805650950995425,1.6827150749997157,3.2483508586883545,0.0,0.0,0.0,0.02515723270395807,0.018867924528301886,0.03773584905660377,0.31103487707211336,0.3018867924528302,0.32075471698113206
roi_B_junction,hard,C2,0,53,53,53,0.045402941733106335,0.03962575059739719,0.042514346165251765,0.042514346165251765,29.71688461303711,1.6807671305137357,1.68291685230725,3.271955728530884,0.0,0.0,0.0,0.02515723270395807,0.018867924528301886,0.03773584905660377,0.31103487707211336,0.3018867924528302,0.32075471698113206
roi_B_junction,hard,C3,0,53,53,53,0.0404981910796471,0.03748803476167607,0.038993112920661585,0.038993112920661585,26.552024841308594,1.6469345948624166,1.6488717615409982,3.419959783554077,0.0,0.0,0.0,0.09433962264100942,0.09433962264150944,0.09433962264150944,0.517324185248215,0.5471698113207547,0.49056603773584906
roi_C_layered,hard,C0,0,45,45,69,0.009989341235944485,0.01814833069541946,0.014068835965681972,0.014617178494682746,44.81156539916992,0.2297989383761093,0.13212392530381065,3.2918081283569336,0.0,0.0,0.0,0.04395604395554401,0.044444444444444446,0.043478260869565216,0.19512195121901965,0.2222222222222222,0.17391304347826086
roi_C_layered,hard,C1,0,45,45,69,0.052711970329797075,0.02292403699569601,0.03781800366274654,0.03761799301860624,51.48074722290039,0.40165690785518027,0.5773722891386361,3.386639356613159,0.0,0.0,0.0,0.0,0.0,0.0,0.01754385964864497,0.022222222222222223,0.014492753623188406
roi_C_layered,hard,C2,0,45,45,69,0.052711970329797075,0.02292403699569601,0.03781800366274654,0.03761799301860624,51.48074722290039,0.38465335280555013,0.5711308716532986,3.3778436183929443,0.0,0.0,0.0,0.0,0.0,0.0,0.01754385964864497,0.022222222222222223,0.014492753623188406
roi_C_layered,hard,C3,0,45,45,69,0.05281710074569726,0.020475221879876455,0.036646161312786855,0.036441777959402934,49.38664245605469,0.41106537587161274,0.5436039881878734,3.335766077041626,0.0,0.0,0.0,0.0,0.0,0.0,0.0,0.0,0.0
roi_D_curved_v2,hard,C0,0,47,47,160,0.025788129545580678,0.034602249733602965,0.03019518963959182,0.0347549123782227,50.1574821472168,1.265022920680547,1.1887667680735328,3.4225285053253174,0.04571428571389283,0.0851063829787234,0.03125,0.15994531783964364,0.2765957446808511,0.1125,0.528040176969512,0.6808510638297872,0.43125
roi_D_curved_v2,hard,C1,0,47,47,160,0.035128399768726386,0.039924543899683966,0.037526471834205176,0.041182977447724284,61.657630920410156,1.2365255631092054,1.2643692071626844,3.2481822967529297,0.01932367149723354,0.0425531914893617,0.0125,0.11409068746910876,0.19148936170212766,0.08125,0.4267105854164982,0.5319148936170213,0.35625
roi_D_curved_v2,hard,C2,0,47,47,160,0.035128399768726386,0.039924543899683966,0.037526471834205176,0.041182977447724284,61.657630920410156,1.2485141757010982,1.2763124857830968,3.350015640258789,0.01932367149723354,0.0425531914893617,0.0125,0.11409068746910876,0.19148936170212766,0.08125,0.4267105854164982,0.5319148936170213,0.35625
roi_D_curved_v2,hard,C3,0,47,47,160,0.035128399768726386,0.039924543899683966,0.037526471834205176,0.041182977447724284,61.657630920410156,1.2485141757010982,1.2763124857830968,3.2717185020446777,0.01932367149723354,0.0425531914893617,0.0125,0.11409068746910876,0.19148936170212766,0.08125,0.4267105854164982,0.5319148936170213,0.35625
ramen_sample_001,hard,C0,0,57,57,56,0.012025198033970319,0.021479695178982607,0.016752446606476463,0.016737499014232087,54.8961067199707,0.4396227895999534,0.2828709458919538,3.364579677581787,0.0,0.0,0.0,0.060273972602476175,0.19298245614035087,0.03571428571428571,0.5213270142176152,0.9649122807017544,0.35714285714285715
ramen_sample_001,hard,C1,0,57,57,56,0.014955763237735323,0.021529867018514542,0.018242815128124933,0.01828128598832856,48.02137756347656,0.5849389623913096,0.3571127378322754,3.3259799480438232,0.0,0.0,0.0,0.04255319148888003,0.05263157894736842,0.03571428571428571,0.5284595300256691,0.8070175438596491,0.39285714285714285
ramen_sample_001,hard,C2,0,57,57,56,0.014955763237735323,0.021529867018514542,0.018242815128124933,0.01828128598832856,48.02137756347656,0.5958335068267745,0.4569094120878594,3.4041550159454346,0.0,0.0,0.0,0.04255319148888003,0.05263157894736842,0.03571428571428571,0.5284595300256691,0.8070175438596491,0.39285714285714285
ramen_sample_001,hard,C3,0,57,57,56,0.016899905413756397,0.011718596726336992,0.014309251070046694,0.014419451702390833,45.36497497558594,0.854984422006971,0.8630896734580934,3.4367563724517822,0.053097345132243394,0.05263157894736842,0.05357142857142857,0.35294117647009,0.3333333333333333,0.375,0.7092045699499323,0.6140350877192983,0.8392857142857143
ramen_sample_002,hard,C0,0,67,67,206,0.0036906527688618414,0.007797117480302233,0.005743885124582037,0.006180701899077653,52.0365104675293,0.7746261360548495,0.3678264972769535,3.1834802627563477,0.06593406593369555,0.13432835820895522,0.043689320388349516,0.3351955307258531,0.5970149253731343,0.23300970873786409,0.7590361445778422,1.0,0.6116504854368932
ramen_sample_002,hard,C1,0,67,67,206,0.00806129645707002,0.006686381671682735,0.007373839064376378,0.007996827822922516,54.89713668823242,0.7073050570871828,0.5086244446898319,3.47160005569458,0.05662285136462006,0.1044776119402985,0.038834951456310676,0.37364763831426184,0.5373134328358209,0.28640776699029125,0.743095261168221,0.8059701492537313,0.6893203883495146
ramen_sample_002,hard,C2,0,67,67,206,0.00806129645707002,0.006686381671682735,0.007373839064376378,0.007996827822922516,54.89713668823242,0.6951262791334496,0.615230445685675,3.239788770675659,0.05662285136462006,0.1044776119402985,0.038834951456310676,0.37364763831426184,0.5373134328358209,0.28640776699029125,0.743095261168221,0.8059701492537313,0.6893203883495146
ramen_sample_002,hard,C3,0,67,67,206,0.011370011470625097,0.006762116456046892,0.009066063963335995,0.010456711982320784,51.26350784301758,0.7400392362401091,0.7893337140029151,3.279597520828247,0.046697798531924926,0.07462686567164178,0.03398058252427184,0.24678885842063703,0.2835820895522388,0.21844660194174756,0.5419100754835917,0.47761194029850745,0.6262135922330098
ramen_sample_003,hard,C0,0,90,90,56,0.026862610358447996,0.0702127976133414,0.0485377039858947,0.04879789462491538,32.14541244506836,0.8888567324532387,0.866902901397451,3.2371861934661865,0.013698630136513417,0.011111111111111112,0.017857142857142856,0.07815631262485578,0.14444444444444443,0.05357142857142857,0.20754716981103882,0.6111111111111112,0.125
ramen_sample_003,hard,C1,0,90,90,56,0.026452911116455195,0.04295834841169526,0.03470562976407523,0.036330546329794204,28.815654754638672,0.6815147600629643,0.7021155164813855,3.2598483562469482,0.039603960395545534,0.044444444444444446,0.03571428571428571,0.10695187165727359,0.13333333333333333,0.08928571428571429,0.49129447388295294,0.6555555555555556,0.39285714285714285
ramen_sample_003,hard,C2,0,90,90,56,0.026452911116455195,0.04295834841169526,0.03470562976407523,0.036330546329794204,28.815654754638672,0.7154877177672992,0.8181139408156836,3.7839322090148926,0.039603960395545534,0.044444444444444446,0.03571428571428571,0.10695187165727359,0.13333333333333333,0.08928571428571429,0.49129447388295294,0.6555555555555556,0.39285714285714285
ramen_sample_003,hard,C3,0,90,90,56,0.03557132899461704,0.027668860421290433,0.03162009470795374,0.03296205282410118,30.46733856201172,0.9240827318599388,0.9073084437366742,3.6435978412628174,0.013698630136513417,0.011111111111111112,0.017857142857142856,0.201355275894959,0.17777777777777778,0.23214285714285715,0.583055370246341,0.5111111111111111,0.6785714285714286
ramen_sample_004,hard,C0,0,26,26,56,0.01880372489418108,0.029328973602727442,0.02406634924845426,0.025288285953540535,59.22617721557617,0.42088627394765304,0.11199342029698818,3.5381922721862793,0.02439024390200595,0.038461538461538464,0.017857142857142856,0.3658536585361523,0.5769230769230769,0.26785714285714285,0.8426966292129907,0.9615384615384616,0.75
ramen_sample_004,hard,C1,0,26,26,56,0.022093599586189554,0.020447894711548804,0.02127074714886918,0.022263883094007585,58.99232482910156,0.9788218528172216,0.8260427827660851,3.2631099224090576,0.02439024390200595,0.038461538461538464,0.017857142857142856,0.40268456375789746,0.46153846153846156,0.35714285714285715,0.9308314937449023,0.8846153846153846,0.9821428571428571
ramen_sample_004,hard,C2,0,26,26,56,0.022093599586189554,0.020447894711548804,0.02127074714886918,0.022263883094007585,58.99232482910156,0.9888726653989016,0.8907829778946351,3.334733247756958,0.02439024390200595,0.038461538461538464,0.017857142857142856,0.40268456375789746,0.46153846153846156,0.35714285714285715,0.9308314937449023,0.8846153846153846,0.9821428571428571
ramen_sample_004,hard,C3,0,26,26,56,0.04088943153026189,0.0315469357450178,0.036218183637639845,0.03757399012928021,64.51194763183594,1.0989721356877584,0.8784967804679695,3.144822359085083,0.02439024390200595,0.038461538461538464,0.017857142857142856,0.12631578947320024,0.15384615384615385,0.10714285714285714,0.5860465116274108,0.5384615384615384,0.6428571428571429
ramen_sample_005,hard,C0,0,88,88,56,0.03162603951290127,0.039234057658022174,0.035430048585461726,0.0367281367863318,48.30207824707031,0.8337368136924634,0.7367525056519457,3.488642692565918,0.0,0.0,0.0,0.03488372092973282,0.03409090909090909,0.03571428571428571,0.2884615384610503,0.3409090909090909,0.25
ramen_sample_005,hard,C1,0,88,88,56,0.03499383972724206,0.03330630987428408,0.03415007480076307,0.035829076241995245,49.924415588378906,0.8193170923218623,0.8846634314345421,3.304107904434204,0.01388888888841358,0.011363636363636364,0.017857142857142856,0.02777777777730247,0.022727272727272728,0.03571428571428571,0.3510392609694775,0.36363636363636365,0.3392857142857143
ramen_sample_005,hard,C2,0,88,88,56,0.03499383972724206,0.03330630987428408,0.03415007480076307,0.035829076241995245,49.924415588378906,0.8472185773219368,0.9088877917977253,3.1819286346435547,0.01388888888841358,0.011363636363636364,0.017857142857142856,0.02777777777730247,0.022727272727272728,0.03571428571428571,0.3510392609694775,0.36363636363636365,0.3392857142857143
ramen_sample_005,hard,C3,0,88,88,56,0.05630126452054627,0.03941083540185386,0.04785604996120006,0.04979689361450948,59.81292724609375,0.7870461879298303,0.9473717571989766,3.2137105464935303,0.0,0.0,0.0,0.01388888888841358,0.011363636363636364,0.017857142857142856,0.19042968749954176,0.14772727272727273,0.26785714285714285
ramen_sample_006,hard,C0,0,83,83,56,0.018154599311059807,0.039470541723366386,0.028812570517213094,0.02945854079950467,25.377426147460938,0.36885505474586283,0.3020249349481183,3.219512939453125,0.08205128205079311,0.0963855421686747,0.07142857142857142,0.1759259259254527,0.2289156626506024,0.14285714285714285,0.5454545454541487,1.0,0.375
ramen_sample_006,hard,C1,0,83,83,56,0.018343988334247576,0.02911823583572152,0.023731112084984546,0.0294282172428334,23.49494171142578,0.3370951395640105,0.32514222338531035,3.2571184635162354,0.08674101610854625,0.08433734939759036,0.08928571428571429,0.20512820512771618,0.24096385542168675,0.17857142857142858,0.6639676113355861,0.9879518072289156,0.5
ramen_sample_006,hard,C2,0,83,83,56,0.018343988334247576,0.02911823583572152,0.023731112084984546,0.0294282172428334,23.49494171142578,0.1921270257985774,0.4948373125557048,3.255028486251831,0.08674101610854625,0.08433734939759036,0.08928571428571429,0.20512820512771618,0.24096385542168675,0.17857142857142858,0.6639676113355861,0.9879518072289156,0.5
ramen_sample_006,hard,C3,0,83,83,56,0.030138157893302236,0.019848145767400637,0.02499315183035144,0.027177160719536828,47.4532585144043,0.8140723262415591,0.7471044845873163,3.2811944484710693,0.07194244604268434,0.060240963855421686,0.08928571428571429,0.22656597067923012,0.18072289156626506,0.30357142857142855,0.6931527464253993,0.5903614457831325,0.8392857142857143
ramen_sample_007,hard,C0,0,92,92,56,0.06524431048853668,0.061272711330217944,0.06325851090937731,0.06397186775073951,52.18217849731445,0.31069852171224277,0.1992076254547099,3.25872802734375,0.0,0.0,0.0,0.0,0.0,0.0,0.0,0.0,0.0
ramen_sample_007,hard,C1,0,92,92,56,0.06974949850260859,0.054843601263642995,0.06229654988312579,0.06512476438646961,25.761808395385742,0.42923985937721887,0.4093974466666011,3.357393503189087,0.0,0.0,0.0,0.0,0.0,0.0,0.0,0.0,0.0
ramen_sample_007,hard,C2,0,92,92,56,0.06974949850260859,0.054843601263642995,0.06229654988312579,0.06512476438646961,25.761808395385742,0.4341133326366447,0.4175446308212987,3.2217724323272705,0.0,0.0,0.0,0.0,0.0,0.0,0.0,0.0,0.0
ramen_sample_007,hard,C3,0,92,92,56,0.068054905541563,0.054425338426512884,0.06124012198403794,0.06085997297138522,25.927471160888672,0.42022040875681743,0.41726564542577277,3.2574143409729004,0.0,0.0,0.0,0.0,0.0,0.0,0.0,0.0,0.0
ramen_sample_008,hard,C0,0,53,53,56,0.034297693570832934,0.08360692100817568,0.058952307289504305,0.05949464520078143,65.14984893798828,1.244752795766919,0.9468283183840264,3.309608221054077,0.09271523178762388,0.1320754716981132,0.07142857142857142,0.1746216530846809,0.4716981132075472,0.10714285714285714,0.43652561247179966,0.9245283018867925,0.2857142857142857
ramen_sample_008,hard,C1,0,53,53,56,0.09666180357090005,0.07206752995962411,0.08436466676526208,0.08407061079369509,56.868446350097656,1.3501710000643137,0.9837364495444065,3.098191022872925,0.018348623852711386,0.018867924528301886,0.017857142857142856,0.036697247705922385,0.03773584905660377,0.03571428571428571,0.2757493188006439,0.20754716981132076,0.4107142857142857
ramen_sample_008,hard,C2,0,53,53,56,0.09666180357090005,0.07206752995962411,0.08436466676526208,0.08407061079369509,56.868446350097656,1.3544928001841345,1.0251556299188074,3.084486246109009,0.018348623852711386,0.018867924528301886,0.017857142857142856,0.036697247705922385,0.03773584905660377,0.03571428571428571,0.2757493188006439,0.20754716981132076,0.4107142857142857
ramen_sample_008,hard,C3,0,53,53,56,0.06534025622791574,0.0605300109722164,0.06293513360006607,0.06294664305517009,59.91910171508789,1.3897240608470438,1.2446059459759065,3.2599782943725586,0.036697247705922385,0.03773584905660377,0.03571428571428571,0.2103585657365543,0.22641509433962265,0.19642857142857142,0.5677114133643746,0.6037735849056604,0.5357142857142857
ramen_sample_009,hard,C0,0,77,77,56,0.03166277006183881,0.09004939874618934,0.06085608440401408,0.061097430125096656,62.65262985229492,0.5251263014708676,0.13247513319080106,3.3527514934539795,0.0,0.0,0.0,0.030981067125415505,0.11688311688311688,0.017857142857142856,0.3986710963451342,0.7792207792207793,0.26785714285714285
ramen_sample_009,hard,C1,0,77,77,56,0.033979682064360986,0.05745792705341373,0.045718804558887355,0.046649004802006025,63.03310012817383,0.43743495868782456,0.30172310259482876,3.1562044620513916,0.024489795917936326,0.03896103896103896,0.017857142857142856,0.08133472367012438,0.16883116883116883,0.05357142857142857,0.5133033155951261,0.7402597402597403,0.39285714285714285
ramen_sample_009,hard,C2,0,77,77,56,0.033979682064360986,0.05745792705341373,0.045718804558887355,0.046649004802006025,63.03310012817383,0.43740993864348665,0.30148689746155305,3.195923089981079,0.024489795917936326,0.03896103896103896,0.017857142857142856,0.08133472367012438,0.16883116883116883,0.05357142857142857,0.5133033155951261,0.7402597402597403,0.39285714285714285
ramen_sample_009,hard,C3,0,77,77,56,0.05168890734185301,0.04642409774787264,0.04905650254486282,0.049407546250481424,60.750030517578125,0.75269427791873,0.6652095804702054,3.3151910305023193,0.0,0.0,0.0,0.10084033613399704,0.07792207792207792,0.14285714285714285,0.41458733205325266,0.36363636363636365,0.48214285714285715
ramen_sample_010,hard,C0,0,112,112,128,0.006151287115813929,0.02099195434159637,0.01357162072870515,0.01401360661819969,58.52772903442383,0.60449055710271,0.4177703108742093,3.2940406799316406,0.05128205128175674,0.14285714285714285,0.03125,0.1944894651536884,0.5714285714285714,0.1171875,0.483076263924222,0.9821428571428571,0.3203125
ramen_sample_010,hard,C1,0,112,112,128,0.006864835914662025,0.01736425244391652,0.012114544179289272,0.012721034405667003,57.67716598510742,0.6279958833445354,0.4577224022770229,3.2075703144073486,0.06350267379648718,0.16964285714285715,0.0390625,0.24621212121178696,0.5803571428571429,0.15625,0.5684818481843982,0.9464285714285714,0.40625
ramen_sample_010,hard,C2,0,112,112,128,0.006864835914662025,0.01736425244391652,0.012114544179289272,0.012721034405667003,57.67716598510742,0.5613302884979651,0.41923894908412035,3.3571972846984863,0.06350267379648718,0.16964285714285715,0.0390625,0.24621212121178696,0.5803571428571429,0.15625,0.5684818481843982,0.9464285714285714,0.40625
ramen_sample_010,hard,C3,0,112,112,128,0.019170934211059996,0.013204333027757073,0.016187633619408535,0.01658523918140615,59.16713333129883,1.2310187588506403,1.0364033774648713,3.3532843589782715,0.036764705881868504,0.044642857142857144,0.03125,0.09166666666616889,0.09821428571428571,0.0859375,0.44891304347776123,0.4375,0.4609375
ramen_sample_011,hard,C0,0,123,123,101,0.009619909423307425,0.016638691020610625,0.013129300221959024,0.013140930256064894,55.51252746582031,1.3900958258143663,0.6872248682898621,3.2609493732452393,0.031047865458750705,0.032520325203252036,0.0297029702970297,0.15625652809652368,0.2764227642276423,0.10891089108910891,0.4844798657713912,0.8048780487804879,0.3465346534653465
ramen_sample_011,hard,C1,0,123,123,101,0.010215945282325296,0.015502616551652174,0.012859280916988736,0.012933942648552573,54.13164138793945,1.3425605566473797,0.7186722218151049,3.293637990951538,0.017857142856647683,0.016260162601626018,0.019801980198019802,0.13646702046962464,0.21951219512195122,0.09900990099009901,0.548367952521806,0.8048780487804879,0.4158415841584158
ramen_sample_011,hard,C2,0,123,123,101,0.010215945282325296,0.015502616551652174,0.012859280916988736,0.012933942648552573,54.13164138793945,1.760946797537384,1.0857949020050564,3.2429721355438232,0.017857142856647683,0.016260162601626018,0.019801980198019802,0.13646702046962464,0.21951219512195122,0.09900990099009901,0.548367952521806,0.8048780487804879,0.4158415841584158
ramen_sample_011,hard,C3,0,123,123,101,0.024366359818513077,0.013266978973215512,0.018816669395864294,0.018888693934415106,57.58599853515625,1.2365966027148834,1.429097708271911,3.47355055809021,0.0,0.0,0.0,0.08415147265028265,0.07317073170731707,0.09900990099009901,0.39002352941130874,0.3008130081300813,0.5544554455445545
ramen_sample_012,hard,C0,0,133,133,186,0.006203138580608609,0.013321525059925619,0.009762331820267114,0.00980042158587063,42.54409408569336,0.471024803682998,0.4817157055721975,3.1813628673553467,0.05015673981142603,0.06015037593984962,0.043010752688172046,0.24809575625632385,0.3157894736842105,0.20430107526881722,0.5598768324515078,0.7669172932330827,0.44086021505376344
ramen_sample_012,hard,C1,0,133,133,186,0.006250729045822204,0.011382986779509682,0.008816857912665944,0.009061908022342614,42.12171173095703,0.5117984550817893,0.5806461110645503,3.264892101287842,0.034722222221725135,0.03759398496240601,0.03225806451612903,0.24213984045002424,0.3233082706766917,0.1935483870967742,0.5853469189709046,0.7819548872180451,0.46774193548387094
ramen_sample_012,hard,C2,0,133,133,186,0.006250729045822204,0.011382986779509682,0.008816857912665944,0.009061908022342614,42.12171173095703,0.5383518046646907,0.5609307170264192,3.3443970680236816,0.034722222221725135,0.03759398496240601,0.03225806451612903,0.24213984045002424,0.3233082706766917,0.1935483870967742,0.5853469189709046,0.7819548872180451,0.46774193548387094
ramen_sample_012,hard,C3,0,133,133,186,0.0056172893431004015,0.009261848503356086,0.0074395689232282436,0.007754733977118044,23.186098098754883,0.8850234405219775,0.7346111192468098,3.512176275253296,0.03960396039565159,0.07518796992481203,0.026881720430107527,0.21245652861166175,0.3609022556390977,0.15053763440860216,0.6415094339618042,0.8947368421052632,0.5
ramen_sample_013,hard,C0,0,197,197,56,0.16841936520675216,0.12913560955078066,0.1487774873787664,0.15060533116998254,64.77323150634766,0.7389983967872952,0.5633718112237308,3.1532363891601562,0.0,0.0,0.0,0.0,0.0,0.0,0.0,0.0,0.0
ramen_sample_013,hard,C1,0,197,197,56,0.16548408697817454,0.08906125010854186,0.1272726685433582,0.13117040735805893,70.75608825683594,0.7184966967943232,0.7180082778324456,3.246381998062134,0.0,0.0,0.0,0.0,0.0,0.0,0.0,0.0,0.0
ramen_sample_013,hard,C2,0,197,197,56,0.16548408697817454,0.08906125010854186,0.1272726685433582,0.13117040735805893,70.75608825683594,0.7343212714637839,0.7425570409558229,3.276242733001709,0.0,0.0,0.0,0.0,0.0,0.0,0.0,0.0,0.0
ramen_sample_013,hard,C3,0,197,197,56,0.15797912777397852,0.0729477717187228,0.11546344974635066,0.1210277016921269,66.1378402709961,0.7505547938715662,0.7628531825827969,3.368309736251831,0.0,0.0,0.0,0.0,0.0,0.0,0.0,0.0,0.0
ramen_sample_014,hard,C0,0,72,72,95,0.010300530976320645,0.015088962632647357,0.012694746804484,0.012662216157631155,54.30409240722656,0.32204288767602324,0.2773887782812935,3.1750006675720215,0.06615214994437434,0.06944444444444445,0.06315789473684211,0.2574257425737987,0.3611111111111111,0.2,0.6878523833926493,0.8472222222222222,0.5789473684210527
ramen_sample_014,hard,C1,0,72,72,95,0.011755849600789285,0.017051028108943253,0.014403438854866269,0.014686500595067532,54.51934814453125,0.42418202771630653,0.32408451167293034,3.222316026687622,0.047904191616275946,0.05555555555555555,0.042105263157894736,0.21133231240384515,0.3194444444444444,0.15789473684210525,0.5759605216773658,0.7916666666666666,0.45263157894736844
ramen_sample_014,hard,C2,0,72,72,95,0.011755849600789285,0.017051028108943253,0.014403438854866269,0.014686500595067532,54.51934814453125,0.43366458466572966,0.4434566482394633,3.2199158668518066,0.047904191616275946,0.05555555555555555,0.042105263157894736,0.21133231240384515,0.3194444444444444,0.15789473684210525,0.5759605216773658,0.7916666666666666,0.45263157894736844
ramen_sample_014,hard,C3,0,72,72,95,0.012242952069000779,0.01861609839876245,0.015429525233881615,0.015994156382170478,49.31058120727539,0.39560625205096683,0.442552146759976,3.3291213512420654,0.047904191616275946,0.05555555555555555,0.042105263157894736,0.19160525472562945,0.3194444444444444,0.1368421052631579,0.45728845380137745,0.7638888888888888,0.3263157894736842
ramen_sample_015,hard,C0,0,94,94,60,0.016379499132924902,0.0424999283992322,0.029439713766078554,0.029406954458863113,63.63125991821289,0.5059040379200734,0.31129637570748847,3.160850763320923,0.0,0.0,0.0,0.0,0.0,0.0,0.05973451327414994,0.2872340425531915,0.03333333333333333
ramen_sample_015,hard,C1,0,94,94,60,0.016530512449150762,0.04206350658744779,0.029297009518299277,0.02870450893065479,63.34018325805664,0.5796163638660553,0.40271758658020773,3.296579122543335,0.0,0.0,0.0,0.0,0.0,0.0,0.05801104972353096,0.22340425531914893,0.03333333333333333
ramen_sample_015,hard,C2,0,94,94,60,0.016530512449150762,0.04206350658744779,0.029297009518299277,0.02870450893065479,63.34018325805664,0.8450176988020763,0.7014179884104491,3.174083709716797,0.0,0.0,0.0,0.0,0.0,0.0,0.05801104972353096,0.22340425531914893,0.03333333333333333
ramen_sample_015,hard,C3,0,94,94,60,0.02749406538692385,0.018009026061215853,0.02275154572406985,0.024345987743362635,63.37934112548828,0.78888373980463,0.8692786599343498,3.215508460998535,0.0,0.0,0.0,0.07228915662601479,0.06382978723404255,0.08333333333333333,0.11940298507420806,0.0851063829787234,0.2
ramen_sample_016,hard,C0,0,133,133,177,0.008814996541982562,0.02619188353481837,0.017503440038400465,0.017598319358941978,49.85036087036133,0.517797863409844,0.8398548072784164,3.1345949172973633,0.008213552360999271,0.015037593984962405,0.005649717514124294,0.0583941605837027,0.21052631578947367,0.03389830508474576,0.3448840187843987,0.9849624060150376,0.20903954802259886
ramen_sample_016,hard,C1,0,133,133,177,0.009344096575418681,0.02451488427012486,0.01692949042277177,0.01727909400223592,51.76350402832031,0.5597524024416481,0.916379227324949,3.1437230110168457,0.009512485136475702,0.03007518796992481,0.005649717514124294,0.06578709560788927,0.19548872180451127,0.03954802259887006,0.36379639137419084,0.9323308270676691,0.22598870056497175
ramen_sample_016,hard,C2,0,133,133,177,0.009344096575418681,0.02451488427012486,0.01692949042277177,0.01727909400223592,51.76350402832031,0.7229256344268495,1.2524392134945241,3.393054246902466,0.009512485136475702,0.03007518796992481,0.005649717514124294,0.06578709560788927,0.19548872180451127,0.03954802259887006,0.36379639137419084,0.9323308270676691,0.22598870056497175
ramen_sample_016,hard,C3,0,133,133,177,0.01592515012992231,0.013439242842460683,0.014682196486191498,0.01496014363623318,62.1392822265625,1.1741706812879515,1.2073527792821073,3.496002674102783,0.04123711340158529,0.05263157894736842,0.03389830508474576,0.2362000346075826,0.2932330827067669,0.1977401129943503,0.5424467712423506,0.5037593984962406,0.5875706214689266
ramen_sample_017,hard,C0,0,114,114,56,0.015284772494463188,0.04026743968018671,0.027776106087324948,0.02807549166761079,67.85943603515625,1.0085866205319212,0.504275091510596,3.1550700664520264,0.0,0.0,0.0,0.06206896551701365,0.23684210526315788,0.03571428571428571,0.2680479119453365,0.8070175438596491,0.16071428571428573
ramen_sample_017,hard,C1,0,114,114,56,0.016894449631101646,0.029775739387009035,0.02333509450905534,0.02473828835975162,60.272647857666016,0.9211028605246749,0.5216500049684857,3.429352283477783,0.0,0.0,0.0,0.10775862068928453,0.21929824561403508,0.07142857142857142,0.3797468354426726,0.7894736842105263,0.25
ramen_sample_017,hard,C2,0,114,114,56,0.016894449631101646,0.029775739387009035,0.02333509450905534,0.02473828835975162,60.272647857666016,0.7886104613501465,1.11793654423321,3.4682374000549316,0.0,0.0,0.0,0.10775862068928453,0.21929824561403508,0.07142857142857142,0.3797468354426726,0.7894736842105263,0.25
ramen_sample_017,hard,C3,0,114,114,56,0.02111275815611699,0.01837522602703165,0.01974399209157432,0.02374428865360413,53.08718490600586,0.7283957609096398,0.7204239637353524,3.3186681270599365,0.023529411764264083,0.017543859649122806,0.03571428571428571,0.1192660550453726,0.11403508771929824,0.125,0.6248131539606392,0.5789473684210527,0.6785714285714286
ramen_sample_018,hard,C0,0,117,117,56,0.01834705055948505,0.0417299561761668,0.030038503367825924,0.030186493451904252,25.146848678588867,0.6487294092158115,0.4950890846522132,3.085200309753418,0.0,0.0,0.0,0.04210526315741074,0.05128205128205128,0.03571428571428571,0.4619454130091346,0.9658119658119658,0.30357142857142855
ramen_sample_018,hard,C1,0,117,117,56,0.018920180645222155,0.032276305985886544,0.02559824331555435,0.0269089067777711,25.867910385131836,0.5288731839544581,0.4457660767832241,3.1453073024749756,0.02105263157846338,0.02564102564102564,0.017857142857142856,0.0503778337527329,0.08547008547008547,0.03571428571428571,0.5783132530116092,0.8888888888888888,0.42857142857142855
ramen_sample_018,hard,C2,0,117,117,56,0.018920180645222155,0.032276305985886544,0.02559824331555435,0.0269089067777711,25.867910385131836,0.6443250179449,0.5624870835692823,3.089149236679077,0.02105263157846338,0.02564102564102564,0.017857142857142856,0.0503778337527329,0.08547008547008547,0.03571428571428571,0.5783132530116092,0.8888888888888888,0.42857142857142855
ramen_sample_018,hard,C3,0,117,117,56,0.029060244681177388,0.022547059128413094,0.025803651904795243,0.028257369958235443,47.11435317993164,0.8467686854405858,0.8663458119299117,3.3782055377960205,0.03468208092441765,0.02564102564102564,0.05357142857142857,0.15791757049846653,0.11965811965811966,0.23214285714285715,0.6035889070141855,0.5555555555555556,0.6607142857142857
ramen_sample_019,hard,C0,0,61,61,56,0.018658879423829006,0.0378693107529009,0.02826409508836495,0.028305758329714475,23.441659927368164,0.7183380052675612,0.3559789649522907,3.551079511642456,0.0,0.0,0.0,0.060453400503518245,0.19672131147540983,0.03571428571428571,0.3794466403158396,0.7868852459016393,0.25
ramen_sample_019,hard,C1,0,61,61,56,0.01613864317211713,0.021462759831973904,0.01880070150204552,0.018899393059882124,25.892473220825195,0.6960383230142242,0.5683031678694584,3.3956377506256104,0.034188034187535105,0.03278688524590164,0.03571428571428571,0.2655721873486687,0.4098360655737705,0.19642857142857142,0.8096590909085999,0.9344262295081968,0.7142857142857143
ramen_sample_019,hard,C2,0,61,61,56,0.01613864317211713,0.021462759831973904,0.01880070150204552,0.018899393059882124,25.892473220825195,0.8197880377806577,0.8965094998903803,3.382091760635376,0.034188034187535105,0.03278688524590164,0.03571428571428571,0.2655721873486687,0.4098360655737705,0.19642857142857142,0.8096590909085999,0.9344262295081968,0.7142857142857143
ramen_sample_019,hard,C3,0,61,61,56,0.0223693543011796,0.01629734432898967,0.019333349315084635,0.019542564010500457,41.25922393798828,0.9358968240931117,1.03198819610974,3.3888351917266846,0.08547008546958637,0.08196721311475409,0.08928571428571429,0.34702430846555515,0.3770491803278688,0.32142857142857145,0.7774898185852173,0.6885245901639344,0.8928571428571429
ramen_sample_020,hard,C0,0,37,37,56,0.019086181928811327,0.030673883886622812,0.02488003290771707,0.02510744112227327,50.166664123535156,0.2864737418120668,0.20562075742083646,3.282672643661499,0.0,0.0,0.0,0.1368078175891149,0.1891891891891892,0.10714285714285714,0.6168876482898541,0.918918918918919,0.4642857142857143
ramen_sample_020,hard,C1,0,37,37,56,0.019086181928811327,0.030673883886622812,0.02488003290771707,0.02510744112227327,50.166664123535156,0.25761977110378426,0.08338194247763588,3.2996296882629395,0.0,0.0,0.0,0.1368078175891149,0.1891891891891892,0.10714285714285714,0.6168876482898541,0.918918918918919,0.4642857142857143
ramen_sample_020,hard,C2,0,37,37,56,0.019086181928811327,0.030673883886622812,0.02488003290771707,0.02510744112227327,50.166664123535156,0.3560361061960678,0.33253404576843026,3.4689128398895264,0.0,0.0,0.0,0.1368078175891149,0.1891891891891892,0.10714285714285714,0.6168876482898541,0.918918918918919,0.4642857142857143
ramen_sample_020,hard,C3,0,37,37,56,0.041884361198760905,0.028779058849530602,0.03533171002414576,0.035665457185292064,43.12329864501953,0.7784341035805854,0.7607433829146124,3.4171910285949707,0.021505376343606893,0.02702702702702703,0.017857142857142856,0.11594202898500987,0.10810810810810811,0.125,0.48691358024641535,0.4594594594594595,0.5178571428571429
ramen_sample_021,hard,C0,0,86,86,56,0.013736473942574637,0.025813073556272843,0.01977477374942374,0.020276966794322716,63.885799407958984,4.8634310456897436e-05,4.8634310456897436e-05,3.3431615829467773,0.0,0.0,0.0,0.11167512690321205,0.2558139534883721,0.07142857142857142,0.4164037854885636,0.7674418604651163,0.2857142857142857
ramen_sample_021,hard,C1,0,86,86,56,0.030519034839739043,0.018466987762415867,0.024493011301077457,0.02796365768238892,50.412166595458984,1.2110283907705792,1.2110283907705792,3.603994607925415,0.014084507041775838,0.011627906976744186,0.017857142857142856,0.06486486486444272,0.046511627906976744,0.10714285714285714,0.29939393939350245,0.22093023255813954,0.4642857142857143
ramen_sample_021,hard,C2,0,86,86,56,0.030519034839739043,0.018466987762415867,0.024493011301077457,0.02796365768238892,50.412166595458984,1.2129063443871668,1.2129063443871668,3.3589158058166504,0.014084507041775838,0.011627906976744186,0.017857142857142856,0.06486486486444272,0.046511627906976744,0.10714285714285714,0.29939393939350245,0.22093023255813954,0.4642857142857143
ramen_sample_021,hard,C3,0,86,86,56,0.029623578265058747,0.0137298635558897,0.021676720910474224,0.023001427946824807,50.43479919433594,1.277162086296789,1.277162086296789,3.2557575702667236,0.02816901408402936,0.023255813953488372,0.03571428571428571,0.1297297297293076,0.09302325581395349,0.21428571428571427,0.4292887029284378,0.313953488372093,0.6785714285714286
ramen_sample_022,hard,C0,0,183,183,59,0.03977091584831462,0.06421497967044501,0.051992947759379814,0.05192461386994725,52.2751350402832,1.9068503862219994,0.3374790600372736,3.2704765796661377,0.0,0.0,0.0,0.0,0.0,0.0,0.0,0.0,0.0
ramen_sample_022,hard,C1,0,183,183,59,0.041419291934510265,0.05406012016663737,0.047739706050573816,0.05404921417970836,53.622100830078125,1.9423159026964765,0.38201432851495826,3.4135327339172363,0.0,0.0,0.0,0.0,0.0,0.0,0.0,0.0,0.0
ramen_sample_022,hard,C2,0,183,183,59,0.041419291934510265,0.05406012016663737,0.047739706050573816,0.05404921417970836,53.622100830078125,2.0141934029665522,0.5209551372563846,3.255918025970459,0.0,0.0,0.0,0.0,0.0,0.0,0.0,0.0,0.0
ramen_sample_022,hard,C3,0,183,183,59,0.04136467139112602,0.0540152440158491,0.04768995770348756,0.053886334315436483,53.19218444824219,2.02769496782582,0.5214311413352325,3.624350070953369,0.0,0.0,0.0,0.0,0.0,0.0,0.0,0.0,0.0
roi_B_junction,soft,C0,0,53,53,53,0.04073945664226624,0.08312762443568988,0.061933540538978066,0.061933540538978066,19.503082275390625,1.6780332340387918,1.680804441212129,3.429943084716797,0.0,0.0,0.0,0.0,0.0,0.0,0.09533267130062784,0.3018867924528302,0.05660377358490566
roi_B_junction,soft,C1,0,53,53,53,0.04073945664226624,0.08312762443568988,0.061933540538978066,0.061933540538978066,19.503082275390625,1.6601197427510177,1.662920798888432,3.6335294246673584,0.0,0.0,0.0,0.0,0.0,0.0,0.09533267130062784,0.3018867924528302,0.05660377358490566
roi_B_junction,soft,C2,0,53,53,53,0.04073945664226624,0.08312762443568988,0.061933540538978066,0.061933540538978066,19.503082275390625,1.6675083711182492,1.6702970402826285,3.321488380432129,0.0,0.0,0.0,0.0,0.0,0.0,0.09533267130062784,0.3018867924528302,0.05660377358490566
roi_B_junction,soft,C3,0,53,53,53,0.04096976422806709,0.047411106600587144,0.044190435414327114,0.044190435414327114,26.465423583984375,1.572311720702559,1.5750528536988582,3.353530168533325,0.0,0.0,0.0,0.018867924527801887,0.018867924528301886,0.018867924528301886,0.29127358490517796,0.3584905660377358,0.24528301886792453
roi_C_layered,soft,C0,0,45,45,69,0.009989341235944485,0.01814833069541946,0.014068835965681972,0.014617178494682746,44.81156539916992,0.2297989383761093,0.13212392530381065,3.2504658699035645,0.0,0.0,0.0,0.04395604395554401,0.044444444444444446,0.043478260869565216,0.19512195121901965,0.2222222222222222,0.17391304347826086
roi_C_layered,soft,C1,0,45,45,69,0.009989341235944485,0.01814833069541946,0.014068835965681972,0.014617178494682746,44.81156539916992,0.23114243907161294,0.1336075438497344,3.1224589347839355,0.0,0.0,0.0,0.04395604395554401,0.044444444444444446,0.043478260869565216,0.19512195121901965,0.2222222222222222,0.17391304347826086
roi_C_layered,soft,C2,0,45,45,69,0.009989341235944485,0.01814833069541946,0.014068835965681972,0.014617178494682746,44.81156539916992,0.23573751440971924,0.14993616922072223,3.1042540073394775,0.0,0.0,0.0,0.04395604395554401,0.044444444444444446,0.043478260869565216,0.19512195121901965,0.2222222222222222,0.17391304347826086
roi_C_layered,soft,C3,0,45,45,69,0.010447090102054666,0.01536992764732476,0.012908508874689712,0.013417345153644337,48.63441848754883,0.22728324540187433,0.1684612043397865,3.1044342517852783,0.0,0.0,0.0,0.01754385964864497,0.022222222222222223,0.014492753623188406,0.14035087719250464,0.17777777777777778,0.11594202898550725
roi_D_curved_v2,soft,C0,0,47,47,160,0.025788129545580678,0.034602249733602965,0.03019518963959182,0.0347549123782227,50.1574821472168,1.265022920680547,1.1887667680735328,3.081477642059326,0.04571428571389283,0.0851063829787234,0.03125,0.15994531783964364,0.2765957446808511,0.1125,0.528040176969512,0.6808510638297872,0.43125
roi_D_curved_v2,soft,C1,0,47,47,160,0.025788129545580678,0.034602249733602965,0.03019518963959182,0.0347549123782227,50.1574821472168,1.2547407782797322,1.1766626219326275,3.137096881866455,0.04571428571389283,0.0851063829787234,0.03125,0.15994531783964364,0.2765957446808511,0.1125,0.528040176969512,0.6808510638297872,0.43125
roi_D_curved_v2,soft,C2,0,47,47,160,0.025788129545580678,0.034602249733602965,0.03019518963959182,0.0347549123782227,50.1574821472168,1.262468687376296,1.1853262539284106,3.075545072555542,0.04571428571389283,0.0851063829787234,0.03125,0.15994531783964364,0.2765957446808511,0.1125,0.528040176969512,0.6808510638297872,0.43125
roi_D_curved_v2,soft,C3,0,47,47,160,0.025788129545580678,0.034602249733602965,0.03019518963959182,0.0347549123782227,50.1574821472168,1.262468687376296,1.1853262539284106,3.104179620742798,0.04571428571389283,0.0851063829787234,0.03125,0.15994531783964364,0.2765957446808511,0.1125,0.528040176969512,0.6808510638297872,0.43125
ramen_sample_001,soft,C0,0,57,57,56,0.012025198033970319,0.021479695178982607,0.016752446606476463,0.016737499014232087,54.8961067199707,0.4396227895999534,0.2828709458919538,3.080186367034912,0.0,0.0,0.0,0.060273972602476175,0.19298245614035087,0.03571428571428571,0.5213270142176152,0.9649122807017544,0.35714285714285715
ramen_sample_001,soft,C1,0,57,57,56,0.012025198033970319,0.021479695178982607,0.016752446606476463,0.016737499014232087,54.8961067199707,0.438655995952249,0.29710384029737497,3.132880926132202,0.0,0.0,0.0,0.060273972602476175,0.19298245614035087,0.03571428571428571,0.5213270142176152,0.9649122807017544,0.35714285714285715
ramen_sample_001,soft,C2,0,57,57,56,0.012025198033970319,0.021479695178982607,0.016752446606476463,0.016737499014232087,54.8961067199707,0.4175414170316862,0.35375671537056413,3.115226984024048,0.0,0.0,0.0,0.060273972602476175,0.19298245614035087,0.03571428571428571,0.5213270142176152,0.9649122807017544,0.35714285714285715
ramen_sample_001,soft,C3,0,57,57,56,0.02145175200423474,0.01418536374941692,0.01781855787682583,0.01782283760175388,40.04258728027344,0.7424184105899844,0.6858015378462233,3.170034170150757,0.035398230087995614,0.03508771929824561,0.03571428571428571,0.13245033112536117,0.10526315789473684,0.17857142857142858,0.5393258426961686,0.42105263157894735,0.75
ramen_sample_002,soft,C0,0,67,67,206,0.0036906527688618414,0.007797117480302233,0.005743885124582037,0.006180701899077653,52.0365104675293,0.7746261360548495,0.3678264972769535,3.061004877090454,0.06593406593369555,0.13432835820895522,0.043689320388349516,0.3351955307258531,0.5970149253731343,0.23300970873786409,0.7590361445778422,1.0,0.6116504854368932
ramen_sample_002,soft,C1,0,67,67,206,0.0036906527688618414,0.007797117480302233,0.005743885124582037,0.006180701899077653,52.0365104675293,0.7818116753313409,0.3851134113631237,3.105177164077759,0.06593406593369555,0.13432835820895522,0.043689320388349516,0.3351955307258531,0.5970149253731343,0.23300970873786409,0.7590361445778422,1.0,0.6116504854368932
ramen_sample_002,soft,C2,0,67,67,206,0.0036906527688618414,0.007797117480302233,0.005743885124582037,0.006180701899077653,52.0365104675293,0.8500959573596242,0.5986289941017562,3.131808280944824,0.06593406593369555,0.13432835820895522,0.043689320388349516,0.3351955307258531,0.5970149253731343,0.23300970873786409,0.7590361445778422,1.0,0.6116504854368932
ramen_sample_002,soft,C3,0,67,67,206,0.0063641886388758175,0.006118439442732092,0.006241314040803955,0.007579540726941015,40.326927185058594,0.7355433641198881,0.7180748165509454,3.1867775917053223,0.06902502156990825,0.11940298507462686,0.04854368932038835,0.2825948965337184,0.31343283582089554,0.25728155339805825,0.7272998954021995,0.7313432835820896,0.7233009708737864
ramen_sample_003,soft,C0,0,90,90,56,0.026862610358447996,0.0702127976133414,0.0485377039858947,0.04879789462491538,32.14541244506836,0.8888567324532387,0.866902901397451,3.086822032928467,0.013698630136513417,0.011111111111111112,0.017857142857142856,0.07815631262485578,0.14444444444444443,0.05357142857142857,0.20754716981103882,0.6111111111111112,0.125
ramen_sample_003,soft,C1,0,90,90,56,0.026862610358447996,0.0702127976133414,0.0485377039858947,0.04879789462491538,32.14541244506836,0.8669962268560122,0.8443920096055639,3.0897786617279053,0.013698630136513417,0.011111111111111112,0.017857142857142856,0.07815631262485578,0.14444444444444443,0.05357142857142857,0.20754716981103882,0.6111111111111112,0.125
ramen_sample_003,soft,C2,0,90,90,56,0.026862610358447996,0.0702127976133414,0.0485377039858947,0.04879789462491538,32.14541244506836,0.8860699062974651,0.8639604931063612,3.1333749294281006,0.013698630136513417,0.011111111111111112,0.017857142857142856,0.07815631262485578,0.14444444444444443,0.05357142857142857,0.20754716981103882,0.6111111111111112,0.125
ramen_sample_003,soft,C3,0,90,90,56,0.04022877407485022,0.031305961061636425,0.03576736756824332,0.036382321460419476,36.174930572509766,0.924874434362501,0.8916700119421886,3.1508429050445557,0.041095890410486016,0.03333333333333333,0.05357142857142857,0.10958904109541752,0.08888888888888889,0.14285714285714285,0.4765342960283992,0.4,0.5892857142857143
ramen_sample_004,soft,C0,0,26,26,56,0.01880372489418108,0.029328973602727442,0.02406634924845426,0.025288285953540535,59.22617721557617,0.42088627394765304,0.11199342029698818,3.0466346740722656,0.02439024390200595,0.038461538461538464,0.017857142857142856,0.3658536585361523,0.5769230769230769,0.26785714285714285,0.8426966292129907,0.9615384615384616,0.75
ramen_sample_004,soft,C1,0,26,26,56,0.01880372489418108,0.029328973602727442,0.02406634924845426,0.025288285953540535,59.22617721557617,0.4155223092910685,0.11984471980578308,3.0694580078125,0.02439024390200595,0.038461538461538464,0.017857142857142856,0.3658536585361523,0.5769230769230769,0.26785714285714285,0.8426966292129907,0.9615384615384616,0.75
ramen_sample_004,soft,C2,0,26,26,56,0.01880372489418108,0.029328973602727442,0.02406634924845426,0.025288285953540535,59.22617721557617,0.3975004184023967,0.1495663811186866,3.0705416202545166,0.02439024390200595,0.038461538461538464,0.017857142857142856,0.3658536585361523,0.5769230769230769,0.26785714285714285,0.8426966292129907,0.9615384615384616,0.75
ramen_sample_004,soft,C3,0,26,26,56,0.0353684347058678,0.02957370064179954,0.03247106767383367,0.03248109655786938,57.29402160644531,1.0536299160214708,0.8920110256167213,3.0821802616119385,0.11299435028202112,0.15384615384615385,0.08928571428571429,0.3030303030298256,0.38461538461538464,0.25,0.68273092369428,0.6538461538461539,0.7142857142857143
ramen_sample_005,soft,C0,0,88,88,56,0.03162603951290127,0.039234057658022174,0.035430048585461726,0.0367281367863318,48.30207824707031,0.8337368136924634,0.7367525056519457,3.1162352561950684,0.0,0.0,0.0,0.03488372092973282,0.03409090909090909,0.03571428571428571,0.2884615384610503,0.3409090909090909,0.25
ramen_sample_005,soft,C1,0,88,88,56,0.03162603951290127,0.039234057658022174,0.035430048585461726,0.0367281367863318,48.30207824707031,0.7793884707935687,0.6816112397291786,3.1052069664001465,0.0,0.0,0.0,0.03488372092973282,0.03409090909090909,0.03571428571428571,0.2884615384610503,0.3409090909090909,0.25
ramen_sample_005,soft,C2,0,88,88,56,0.03162603951290127,0.039234057658022174,0.035430048585461726,0.0367281367863318,48.30207824707031,0.8513502557427126,0.7494034757871394,3.122077226638794,0.0,0.0,0.0,0.03488372092973282,0.03409090909090909,0.03571428571428571,0.2884615384610503,0.3409090909090909,0.25
ramen_sample_005,soft,C3,0,88,88,56,0.04662096684776001,0.047515044485554915,0.04706800566665746,0.05259160655269007,58.856422424316406,0.7997944692186453,0.8839445216420739,3.1294710636138916,0.0,0.0,0.0,0.04166666666619135,0.03409090909090909,0.05357142857142857,0.31585677749310853,0.29545454545454547,0.3392857142857143
ramen_sample_006,soft,C0,0,83,83,56,0.018154599311059807,0.039470541723366386,0.028812570517213094,0.02945854079950467,25.377426147460938,0.36885505474586283,0.3020249349481183,3.5877604484558105,0.08205128205079311,0.0963855421686747,0.07142857142857142,0.1759259259254527,0.2289156626506024,0.14285714285714285,0.5454545454541487,1.0,0.375
ramen_sample_006,soft,C1,0,83,83,56,0.018154599311059807,0.039470541723366386,0.028812570517213094,0.02945854079950467,25.377426147460938,0.31921650476193913,0.2890668514580788,3.391035318374634,0.08205128205079311,0.0963855421686747,0.07142857142857142,0.1759259259254527,0.2289156626506024,0.14285714285714285,0.5454545454541487,1.0,0.375
ramen_sample_006,soft,C2,0,83,83,56,0.018154599311059807,0.039470541723366386,0.028812570517213094,0.02945854079950467,25.377426147460938,0.17643554868070277,0.4208041075225123,3.451475143432617,0.08205128205079311,0.0963855421686747,0.07142857142857142,0.1759259259254527,0.2289156626506024,0.14285714285714285,0.5454545454541487,1.0,0.375
ramen_sample_006,soft,C3,0,83,83,56,0.026707877311553073,0.022467034122890358,0.024587455717221714,0.025726105252346497,39.272159576416016,0.7961855390679297,0.7480896783646662,3.424607276916504,0.05755395683405124,0.04819277108433735,0.07142857142857142,0.1796407185623743,0.18072289156626506,0.17857142857142858,0.6662369057206934,0.6385542168674698,0.6964285714285714
ramen_sample_007,soft,C0,0,92,92,56,0.06524431048853668,0.061272711330217944,0.06325851090937731,0.06397186775073951,52.18217849731445,0.31069852171224277,0.1992076254547099,3.216287612915039,0.0,0.0,0.0,0.0,0.0,0.0,0.0,0.0,0.0
ramen_sample_007,soft,C1,0,92,92,56,0.06524431048853668,0.061272711330217944,0.06325851090937731,0.06397186775073951,52.18217849731445,0.29178762400927666,0.17697815115583032,3.2996342182159424,0.0,0.0,0.0,0.0,0.0,0.0,0.0,0.0,0.0
ramen_sample_007,soft,C2,0,92,92,56,0.06524431048853668,0.061272711330217944,0.06325851090937731,0.06397186775073951,52.18217849731445,0.30315567194380216,0.2136924831970927,3.232447862625122,0.0,0.0,0.0,0.0,0.0,0.0,0.0,0.0,0.0
ramen_sample_007,soft,C3,0,92,92,56,0.05968658348580543,0.056795002979780795,0.05824079323279312,0.05784019150479318,49.45122528076172,0.31524535351675775,0.231361684753683,3.2630984783172607,0.0,0.0,0.0,0.0,0.0,0.0,0.0,0.0,0.0
ramen_sample_008,soft,C0,0,53,53,56,0.034297693570832934,0.08360692100817568,0.058952307289504305,0.05949464520078143,65.14984893798828,1.244752795766919,0.9468283183840264,3.1869349479675293,0.09271523178762388,0.1320754716981132,0.07142857142857142,0.1746216530846809,0.4716981132075472,0.10714285714285714,0.43652561247179966,0.9245283018867925,0.2857142857142857
ramen_sample_008,soft,C1,0,53,53,56,0.034297693570832934,0.08360692100817568,0.058952307289504305,0.05949464520078143,65.14984893798828,1.224922224462413,0.915157900138766,3.433570623397827,0.09271523178762388,0.1320754716981132,0.07142857142857142,0.1746216530846809,0.4716981132075472,0.10714285714285714,0.43652561247179966,0.9245283018867925,0.2857142857142857
ramen_sample_008,soft,C2,0,53,53,56,0.034297693570832934,0.08360692100817568,0.058952307289504305,0.05949464520078143,65.14984893798828,1.2506415413775613,0.9550844487196731,3.251636505126953,0.09271523178762388,0.1320754716981132,0.07142857142857142,0.1746216530846809,0.4716981132075472,0.10714285714285714,0.43652561247179966,0.9245283018867925,0.2857142857142857
ramen_sample_008,soft,C3,0,53,53,56,0.06013993727475584,0.057167076087202076,0.05865350668097896,0.059143916467572825,67.65877532958984,1.3192332230243304,1.2466839664535974,3.2157599925994873,0.08759124087543801,0.11320754716981132,0.07142857142857142,0.21308980213041676,0.2641509433962264,0.17857142857142858,0.5940594059400953,0.5660377358490566,0.625
ramen_sample_009,soft,C0,0,77,77,56,0.03166277006183881,0.09004939874618934,0.06085608440401408,0.061097430125096656,62.65262985229492,0.5251263014708676,0.13247513319080106,3.318169355392456,0.0,0.0,0.0,0.030981067125415505,0.11688311688311688,0.017857142857142856,0.3986710963451342,0.7792207792207793,0.26785714285714285
ramen_sample_009,soft,C1,0,77,77,56,0.03166277006183881,0.09004939874618934,0.06085608440401408,0.061097430125096656,62.65262985229492,0.518003599443095,0.1409052082185046,3.239191770553589,0.0,0.0,0.0,0.030981067125415505,0.11688311688311688,0.017857142857142856,0.3986710963451342,0.7792207792207793,0.26785714285714285
ramen_sample_009,soft,C2,0,77,77,56,0.03166277006183881,0.09004939874618934,0.06085608440401408,0.061097430125096656,62.65262985229492,0.509317977857055,0.18044411048297235,3.303469657897949,0.0,0.0,0.0,0.030981067125415505,0.11688311688311688,0.017857142857142856,0.3986710963451342,0.7792207792207793,0.26785714285714285
ramen_sample_009,soft,C3,0,77,77,56,0.04711268201612972,0.0533266558286017,0.05021966892236571,0.051001992212382025,57.607364654541016,0.5994306618139044,0.4588825559152412,3.331817626953125,0.0,0.0,0.0,0.015037593984474872,0.012987012987012988,0.017857142857142856,0.37656903765641847,0.45454545454545453,0.32142857142857145
ramen_sample_010,soft,C0,0,112,112,128,0.006151287115813929,0.02099195434159637,0.01357162072870515,0.01401360661819969,58.52772903442383,0.60449055710271,0.4177703108742093,3.3099637031555176,0.05128205128175674,0.14285714285714285,0.03125,0.1944894651536884,0.5714285714285714,0.1171875,0.483076263924222,0.9821428571428571,0.3203125
ramen_sample_010,soft,C1,0,112,112,128,0.006151287115813929,0.02099195434159637,0.01357162072870515,0.01401360661819969,58.52772903442383,0.6170015616933966,0.4356697428880103,3.3086087703704834,0.05128205128175674,0.14285714285714285,0.03125,0.1944894651536884,0.5714285714285714,0.1171875,0.483076263924222,0.9821428571428571,0.3203125
ramen_sample_010,soft,C2,0,112,112,128,0.006151287115813929,0.02099195434159637,0.01357162072870515,0.01401360661819969,58.52772903442383,0.5927781325422057,0.3676412069219928,3.3640549182891846,0.05128205128175674,0.14285714285714285,0.03125,0.1944894651536884,0.5714285714285714,0.1171875,0.483076263924222,0.9821428571428571,0.3203125
ramen_sample_010,soft,C3,0,112,112,128,0.018530493293882882,0.009686653662872136,0.014108573478377509,0.014329116071435192,52.24885940551758,1.13241930259722,0.9736338520030249,3.614494800567627,0.02499999999950222,0.026785714285714284,0.0234375,0.1560283687938305,0.14285714285714285,0.171875,0.5376838235289688,0.4017857142857143,0.8125
ramen_sample_011,soft,C0,0,123,123,101,0.009619909423307425,0.016638691020610625,0.013129300221959024,0.013140930256064894,55.51252746582031,1.3900958258143663,0.6872248682898621,3.3378171920776367,0.031047865458750705,0.032520325203252036,0.0297029702970297,0.15625652809652368,0.2764227642276423,0.10891089108910891,0.4844798657713912,0.8048780487804879,0.3465346534653465
ramen_sample_011,soft,C1,0,123,123,101,0.009619909423307425,0.016638691020610625,0.013129300221959024,0.013140930256064894,55.51252746582031,1.4259573100665743,0.6986980599635674,3.790208101272583,0.031047865458750705,0.032520325203252036,0.0297029702970297,0.15625652809652368,0.2764227642276423,0.10891089108910891,0.4844798657713912,0.8048780487804879,0.3465346534653465
ramen_sample_011,soft,C2,0,123,123,101,0.009619909423307425,0.016638691020610625,0.013129300221959024,0.013140930256064894,55.51252746582031,1.8320647773631322,1.04713375038901,3.5688202381134033,0.031047865458750705,0.032520325203252036,0.0297029702970297,0.15625652809652368,0.2764227642276423,0.10891089108910891,0.4844798657713912,0.8048780487804879,0.3465346534653465
ramen_sample_011,soft,C3,0,123,123,101,0.01866447088232375,0.010974417953632042,0.014819444417977896,0.015071280578464763,58.117496490478516,1.283286898978263,1.3471666314209276,3.5374248027801514,0.017857142856647683,0.016260162601626018,0.019801980198019802,0.22655878153215703,0.17073170731707318,0.33663366336633666,0.6050637829432418,0.5203252032520326,0.7227722772277227
ramen_sample_012,soft,C0,0,133,133,186,0.006203138580608609,0.013321525059925619,0.009762331820267114,0.00980042158587063,42.54409408569336,0.471024803682998,0.4817157055721975,3.3004953861236572,0.05015673981142603,0.06015037593984962,0.043010752688172046,0.24809575625632385,0.3157894736842105,0.20430107526881722,0.5598768324515078,0.7669172932330827,0.44086021505376344
ramen_sample_012,soft,C1,0,133,133,186,0.006287990369864576,0.01317579289584242,0.009731891632853498,0.009816536481296668,42.41371154785156,0.47295984312173506,0.4898376368699209,3.5622148513793945,0.053631284915706984,0.06015037593984962,0.04838709677419355,0.24630389348973655,0.3233082706766917,0.1989247311827957,0.5578607032192576,0.7593984962406015,0.44086021505376344
ramen_sample_012,soft,C2,0,133,133,186,0.006287990369864576,0.01317579289584242,0.009731891632853498,0.009816536481296668,42.41371154785156,0.526224302871642,0.5145058489483001,3.856902837753296,0.053631284915706984,0.06015037593984962,0.04838709677419355,0.24630389348973655,0.3233082706766917,0.1989247311827957,0.5578607032192576,0.7593984962406015,0.44086021505376344
ramen_sample_012,soft,C3,0,133,133,186,0.007835120908402972,0.008097186995098567,0.007966153951750769,0.008194472465723662,38.74702453613281,0.7861656384310274,0.7435611333774952,3.6638660430908203,0.04630012401771585,0.06015037593984962,0.03763440860215054,0.26137329110941027,0.2706766917293233,0.25268817204301075,0.6156825417660015,0.6240601503759399,0.6075268817204301
ramen_sample_013,soft,C0,0,197,197,56,0.16841936520675216,0.12913560955078066,0.1487774873787664,0.15060533116998254,64.77323150634766,0.7389983967872952,0.5633718112237308,3.298048734664917,0.0,0.0,0.0,0.0,0.0,0.0,0.0,0.0,0.0
ramen_sample_013,soft,C1,0,197,197,56,0.16841936520675216,0.12913560955078066,0.1487774873787664,0.15060533116998254,64.77323150634766,0.7150493363925278,0.5359422582013273,10.376275300979614,0.0,0.0,0.0,0.0,0.0,0.0,0.0,0.0,0.0
ramen_sample_013,soft,C2,0,197,197,56,0.16841936520675216,0.12913560955078066,0.1487774873787664,0.15060533116998254,64.77323150634766,0.8037708400853095,0.6596128373728298,3.3953850269317627,0.0,0.0,0.0,0.0,0.0,0.0,0.0,0.0,0.0
ramen_sample_013,soft,C3,0,197,197,56,0.1587145657919444,0.09325048947215778,0.1259825276320511,0.13509399827301832,66.82488250732422,0.7504599318786676,0.7327605721578828,4.498321294784546,0.0,0.0,0.0,0.0,0.0,0.0,0.0,0.0,0.0
ramen_sample_014,soft,C0,0,72,72,95,0.010300530976320645,0.015088962632647357,0.012694746804484,0.012662216157631155,54.30409240722656,0.32204288767602324,0.2773887782812935,3.5113604068756104,0.06615214994437434,0.06944444444444445,0.06315789473684211,0.2574257425737987,0.3611111111111111,0.2,0.6878523833926493,0.8472222222222222,0.5789473684210527
ramen_sample_014,soft,C1,0,72,72,95,0.010300530976320645,0.015088962632647357,0.012694746804484,0.012662216157631155,54.30409240722656,0.3119384485699781,0.27278677881258506,3.3531200885772705,0.06615214994437434,0.06944444444444445,0.06315789473684211,0.2574257425737987,0.3611111111111111,0.2,0.6878523833926493,0.8472222222222222,0.5789473684210527
ramen_sample_014,soft,C2,0,72,72,95,0.010300530976320645,0.015088962632647357,0.012694746804484,0.012662216157631155,54.30409240722656,0.24702542465643104,0.5035058507368796,3.3622591495513916,0.06615214994437434,0.06944444444444445,0.06315789473684211,0.2574257425737987,0.3611111111111111,0.2,0.6878523833926493,0.8472222222222222,0.5789473684210527
ramen_sample_014,soft,C3,0,72,72,95,0.009116711592666237,0.014032906888444906,0.01157480924055557,0.011696767618174054,46.03624725341797,0.24454477177208458,0.4405358730965568,3.395719051361084,0.07150153217518992,0.06944444444444445,0.07368421052631578,0.33057851239622704,0.4444444444444444,0.2631578947368421,0.7493462831523042,0.9444444444444444,0.6210526315789474
ramen_sample_015,soft,C0,0,94,94,60,0.016379499132924902,0.0424999283992322,0.029439713766078554,0.029406954458863113,63.63125991821289,0.5059040379200734,0.31129637570748847,3.436290740966797,0.0,0.0,0.0,0.0,0.0,0.0,0.05973451327414994,0.2872340425531915,0.03333333333333333
ramen_sample_015,soft,C1,0,94,94,60,0.016379499132924902,0.0424999283992322,0.029439713766078554,0.029406954458863113,63.63125991821289,0.5273266953922111,0.32745864179895257,3.379519462585449,0.0,0.0,0.0,0.0,0.0,0.0,0.05973451327414994,0.2872340425531915,0.03333333333333333
ramen_sample_015,soft,C2,0,94,94,60,0.016379499132924902,0.0424999283992322,0.029439713766078554,0.029406954458863113,63.63125991821289,0.7957344192374911,0.608361174018073,3.469862937927246,0.0,0.0,0.0,0.0,0.0,0.0,0.05973451327414994,0.2872340425531915,0.03333333333333333
ramen_sample_015,soft,C3,0,94,94,60,0.02431798357634493,0.018839224638561067,0.021578604107453,0.021971915895147173,66.11351776123047,0.7413216920546433,0.7914446453165124,3.4573826789855957,0.0,0.0,0.0,0.03896103896056333,0.031914893617021274,0.05,0.16901408450659475,0.1276595744680851,0.25
ramen_sample_016,soft,C0,0,133,133,177,0.008814996541982562,0.02619188353481837,0.017503440038400465,0.017598319358941978,49.85036087036133,0.517797863409844,0.8398548072784164,3.40110445022583,0.008213552360999271,0.015037593984962405,0.005649717514124294,0.0583941605837027,0.21052631578947367,0.03389830508474576,0.3448840187843987,0.9849624060150376,0.20903954802259886
ramen_sample_016,soft,C1,0,133,133,177,0.008814996541982562,0.02619188353481837,0.017503440038400465,0.017598319358941978,49.85036087036133,0.5094380769902837,0.8417455661789568,3.526287078857422,0.008213552360999271,0.015037593984962405,0.005649717514124294,0.0583941605837027,0.21052631578947367,0.03389830508474576,0.3448840187843987,0.9849624060150376,0.20903954802259886
ramen_sample_016,soft,C2,0,133,133,177,0.008814996541982562,0.02619188353481837,0.017503440038400465,0.017598319358941978,49.85036087036133,0.6193383104290955,1.2385632804095887,3.6269242763519287,0.008213552360999271,0.015037593984962405,0.005649717514124294,0.0583941605837027,0.21052631578947367,0.03389830508474576,0.3448840187843987,0.9849624060150376,0.20903954802259886
ramen_sample_016,soft,C3,0,133,133,177,0.014194542587260689,0.011181854004456508,0.0126881982958586,0.013396506034629838,62.42207336425781,0.8302499279048504,0.946899603336844,3.611196279525757,0.05806451612854233,0.06766917293233082,0.05084745762711865,0.23498279968196775,0.2781954887218045,0.2033898305084746,0.7110049275790132,0.6992481203007519,0.7231638418079096
ramen_sample_017,soft,C0,0,114,114,56,0.015284772494463188,0.04026743968018671,0.027776106087324948,0.02807549166761079,67.85943603515625,1.0085866205319212,0.504275091510596,3.4298171997070312,0.0,0.0,0.0,0.06206896551701365,0.23684210526315788,0.03571428571428571,0.2680479119453365,0.8070175438596491,0.16071428571428573
ramen_sample_017,soft,C1,0,114,114,56,0.015284772494463188,0.04026743968018671,0.027776106087324948,0.02807549166761079,67.85943603515625,0.9923486550332803,0.5186988274184621,3.392976760864258,0.0,0.0,0.0,0.06206896551701365,0.23684210526315788,0.03571428571428571,0.2680479119453365,0.8070175438596491,0.16071428571428573
ramen_sample_017,soft,C2,0,114,114,56,0.015284772494463188,0.04026743968018671,0.027776106087324948,0.02807549166761079,67.85943603515625,0.703451082365369,1.369371118092696,3.2611067295074463,0.0,0.0,0.0,0.06206896551701365,0.23684210526315788,0.03571428571428571,0.2680479119453365,0.8070175438596491,0.16071428571428573
ramen_sample_017,soft,C3,0,114,114,56,0.021044343408821272,0.021715179092396914,0.021379761250609093,0.021578817405651027,59.163124084472656,0.7953768828632582,0.6108365284277971,3.462543487548828,0.0,0.0,0.0,0.06075949367039507,0.07017543859649122,0.05357142857142857,0.5486725663711813,0.543859649122807,0.5535714285714286
ramen_sample_018,soft,C0,0,117,117,56,0.01834705055948505,0.0417299561761668,0.030038503367825924,0.030186493451904252,25.146848678588867,0.6487294092158115,0.4950890846522132,3.289008617401123,0.0,0.0,0.0,0.04210526315741074,0.05128205128205128,0.03571428571428571,0.4619454130091346,0.9658119658119658,0.30357142857142855
ramen_sample_018,soft,C1,0,117,117,56,0.01834705055948505,0.0417299561761668,0.030038503367825924,0.030186493451904252,25.146848678588867,0.5551369198179744,0.39634941426081993,3.1885557174682617,0.0,0.0,0.0,0.04210526315741074,0.05128205128205128,0.03571428571428571,0.4619454130091346,0.9658119658119658,0.30357142857142855
ramen_sample_018,soft,C2,0,117,117,56,0.01834705055948505,0.0417299561761668,0.030038503367825924,0.030186493451904252,25.146848678588867,0.6448431137886621,0.5214861020608018,3.2145752906799316,0.0,0.0,0.0,0.04210526315741074,0.05128205128205128,0.03571428571428571,0.4619454130091346,0.9658119658119658,0.30357142857142855
ramen_sample_018,soft,C3,0,117,117,56,0.035360810234138375,0.02611468541999673,0.030737747827067553,0.03230663266498645,41.58746337890625,0.8144959940894007,0.8055384934749273,3.125441789627075,0.011560693641180661,0.008547008547008548,0.017857142857142856,0.09999999999954501,0.07692307692307693,0.14285714285714285,0.48234012758625167,0.42735042735042733,0.5535714285714286
ramen_sample_019,soft,C0,0,61,61,56,0.018658879423829006,0.0378693107529009,0.02826409508836495,0.028305758329714475,23.441659927368164,0.7183380052675612,0.3559789649522907,3.1140341758728027,0.0,0.0,0.0,0.060453400503518245,0.19672131147540983,0.03571428571428571,0.3794466403158396,0.7868852459016393,0.25
ramen_sample_019,soft,C1,0,61,61,56,0.018658879423829006,0.0378693107529009,0.02826409508836495,0.028305758329714475,23.441659927368164,0.6784663178639928,0.22512653668780933,3.166053056716919,0.0,0.0,0.0,0.060453400503518245,0.19672131147540983,0.03571428571428571,0.3794466403158396,0.7868852459016393,0.25
ramen_sample_019,soft,C2,0,61,61,56,0.018658879423829006,0.0378693107529009,0.02826409508836495,0.028305758329714475,23.441659927368164,0.9166466797470677,0.6063034427552573,3.341871976852417,0.0,0.0,0.0,0.060453400503518245,0.19672131147540983,0.03571428571428571,0.3794466403158396,0.7868852459016393,0.25
ramen_sample_019,soft,C3,0,61,61,56,0.02740010031432141,0.016724955993436062,0.022062528153878734,0.023192530186315376,29.446908950805664,1.0897942560878935,1.1369341669973634,3.4246230125427246,0.01709401709351801,0.01639344262295082,0.017857142857142856,0.23873610298372408,0.19672131147540983,0.30357142857142855,0.6182045407202432,0.45901639344262296,0.9464285714285714
ramen_sample_020,soft,C0,0,37,37,56,0.019086181928811327,0.030673883886622812,0.02488003290771707,0.02510744112227327,50.166664123535156,0.2864737418120668,0.20562075742083646,3.1237213611602783,0.0,0.0,0.0,0.1368078175891149,0.1891891891891892,0.10714285714285714,0.6168876482898541,0.918918918918919,0.4642857142857143
ramen_sample_020,soft,C1,0,37,37,56,0.019086181928811327,0.030673883886622812,0.02488003290771707,0.02510744112227327,50.166664123535156,0.2542798344234295,0.06696461387887735,3.5242044925689697,0.0,0.0,0.0,0.1368078175891149,0.1891891891891892,0.10714285714285714,0.6168876482898541,0.918918918918919,0.4642857142857143
ramen_sample_020,soft,C2,0,37,37,56,0.019086181928811327,0.030673883886622812,0.02488003290771707,0.02510744112227327,50.166664123535156,0.3752571921875232,0.36277462675001976,3.156608819961548,0.0,0.0,0.0,0.1368078175891149,0.1891891891891892,0.10714285714285714,0.6168876482898541,0.918918918918919,0.4642857142857143
ramen_sample_020,soft,C3,0,37,37,56,0.041884361198760905,0.028779058849530602,0.03533171002414576,0.035665457185292064,43.12329864501953,0.7777442675669721,0.7656915868865779,3.3363287448883057,0.021505376343606893,0.02702702702702703,0.017857142857142856,0.11594202898500987,0.10810810810810811,0.125,0.48691358024641535,0.4594594594594595,0.5178571428571429
ramen_sample_021,soft,C0,0,86,86,56,0.013736473942574637,0.025813073556272843,0.01977477374942374,0.020276966794322716,63.885799407958984,4.8634310456897436e-05,4.8634310456897436e-05,3.153613805770874,0.0,0.0,0.0,0.11167512690321205,0.2558139534883721,0.07142857142857142,0.4164037854885636,0.7674418604651163,0.2857142857142857
ramen_sample_021,soft,C1,0,86,86,56,0.013736473942574637,0.025813073556272843,0.01977477374942374,0.020276966794322716,63.885799407958984,3.154629764784632e-06,3.154629764784632e-06,3.196498394012451,0.0,0.0,0.0,0.11167512690321205,0.2558139534883721,0.07142857142857142,0.4164037854885636,0.7674418604651163,0.2857142857142857
ramen_sample_021,soft,C2,0,86,86,56,0.013736473942574637,0.025813073556272843,0.01977477374942374,0.020276966794322716,63.885799407958984,9.743764944985e-06,9.743764944985e-06,3.2238142490386963,0.0,0.0,0.0,0.11167512690321205,0.2558139534883721,0.07142857142857142,0.4164037854885636,0.7674418604651163,0.2857142857142857
ramen_sample_021,soft,C3,0,86,86,56,0.013210612870916004,0.023707558025295578,0.018459085448105792,0.018774029517520895,64.3104248046875,0.33279572321536827,0.33279572321536827,3.4179720878601074,0.0,0.0,0.0,0.08849557522076747,0.11627906976744186,0.07142857142857142,0.4197530864193631,0.7906976744186046,0.2857142857142857
ramen_sample_022,soft,C0,0,183,183,59,0.03977091584831462,0.06421497967044501,0.051992947759379814,0.05192461386994725,52.2751350402832,1.9068503862219994,0.3374790600372736,3.4623231887817383,0.0,0.0,0.0,0.0,0.0,0.0,0.0,0.0,0.0
ramen_sample_022,soft,C1,0,183,183,59,0.03977091584831462,0.06421497967044501,0.051992947759379814,0.05192461386994725,52.2751350402832,1.9201621703892766,0.35547937196569396,3.4202892780303955,0.0,0.0,0.0,0.0,0.0,0.0,0.0,0.0,0.0
ramen_sample_022,soft,C2,0,183,183,59,0.03977091584831462,0.06421497967044501,0.051992947759379814,0.05192461386994725,52.2751350402832,1.9811216406610366,0.526067640314494,3.4812347888946533,0.0,0.0,0.0,0.0,0.0,0.0,0.0,0.0,0.0
ramen_sample_022,soft,C3,0,183,183,59,0.039667626523611756,0.06414147833116167,0.051904552427386716,0.05179848674653395,52.59418869018555,1.9794225857878085,0.5280234259734978,3.3732569217681885,0.0,0.0,0.0,0.0,0.0,0.0,0.0,0.0,0.0
roi_B_junction,adaptive,C0,0,53,53,53,0.04073945664226624,0.08312762443568988,0.061933540538978066,0.061933540538978066,19.503082275390625,1.6780332340387918,1.680804441212129,3.1705715656280518,0.0,0.0,0.0,0.0,0.0,0.0,0.09533267130062784,0.3018867924528302,0.05660377358490566
roi_B_junction,adaptive,C1,0,53,53,53,0.04073945664226624,0.08312762443568988,0.061933540538978066,0.061933540538978066,19.503082275390625,1.6600983761195713,1.6628994634651615,3.063282012939453,0.0,0.0,0.0,0.0,0.0,0.0,0.09533267130062784,0.3018867924528302,0.05660377358490566
roi_B_junction,adaptive,C2,0,53,53,53,0.04073945664226624,0.08312762443568988,0.061933540538978066,0.061933540538978066,19.503082275390625,1.667038952445555,1.669828404781869,3.2075488567352295,0.0,0.0,0.0,0.0,0.0,0.0,0.09533267130062784,0.3018867924528302,0.05660377358490566
roi_B_junction,adaptive,C3,0,53,53,53,0.04096976422806709,0.047411106600587144,0.044190435414327114,0.044190435414327114,26.465423583984375,1.5721145169229644,1.5748559885760476,3.1781928539276123,0.0,0.0,0.0,0.018867924527801887,0.018867924528301886,0.018867924528301886,0.29127358490517796,0.3584905660377358,0.24528301886792453
roi_C_layered,adaptive,C0,0,45,45,69,0.009989341235944485,0.01814833069541946,0.014068835965681972,0.014617178494682746,44.81156539916992,0.2297989383761093,0.13212392530381065,3.171405553817749,0.0,0.0,0.0,0.04395604395554401,0.044444444444444446,0.043478260869565216,0.19512195121901965,0.2222222222222222,0.17391304347826086
roi_C_layered,adaptive,C1,0,45,45,69,0.009989341235944485,0.01814833069541946,0.014068835965681972,0.014617178494682746,44.81156539916992,0.23063688709500824,0.13335679711647222,3.116792917251587,0.0,0.0,0.0,0.04395604395554401,0.044444444444444446,0.043478260869565216,0.19512195121901965,0.2222222222222222,0.17391304347826086
roi_C_layered,adaptive,C2,0,45,45,69,0.009989341235944485,0.01814833069541946,0.014068835965681972,0.014617178494682746,44.81156539916992,0.2345128712500552,0.14864272582170052,3.170592784881592,0.0,0.0,0.0,0.04395604395554401,0.044444444444444446,0.043478260869565216,0.19512195121901965,0.2222222222222222,0.17391304347826086
roi_C_layered,adaptive,C3,0,45,45,69,0.010447090102054666,0.01536992764732476,0.012908508874689712,0.013417345153644337,48.63441848754883,0.22613541896634798,0.1688497026962205,3.166966199874878,0.0,0.0,0.0,0.01754385964864497,0.022222222222222223,0.014492753623188406,0.14035087719250464,0.17777777777777778,0.11594202898550725
roi_D_curved_v2,adaptive,C0,0,47,47,160,0.025788129545580678,0.034602249733602965,0.03019518963959182,0.0347549123782227,50.1574821472168,1.265022920680547,1.1887667680735328,3.081005096435547,0.04571428571389283,0.0851063829787234,0.03125,0.15994531783964364,0.2765957446808511,0.1125,0.528040176969512,0.6808510638297872,0.43125
roi_D_curved_v2,adaptive,C1,0,47,47,160,0.025788129545580678,0.034602249733602965,0.03019518963959182,0.0347549123782227,50.1574821472168,1.2551053127918634,1.1770621248987572,3.0422379970550537,0.04571428571389283,0.0851063829787234,0.03125,0.15994531783964364,0.2765957446808511,0.1125,0.528040176969512,0.6808510638297872,0.43125
roi_D_curved_v2,adaptive,C2,0,47,47,160,0.025788129545580678,0.034602249733602965,0.03019518963959182,0.0347549123782227,50.1574821472168,1.2627600468020241,1.1856477333081024,2.9878368377685547,0.04571428571389283,0.0851063829787234,0.03125,0.15994531783964364,0.2765957446808511,0.1125,0.528040176969512,0.6808510638297872,0.43125
roi_D_curved_v2,adaptive,C3,0,47,47,160,0.025788129545580678,0.034602249733602965,0.03019518963959182,0.0347549123782227,50.1574821472168,1.2627600468020241,1.1856477333081024,3.0140063762664795,0.04571428571389283,0.0851063829787234,0.03125,0.15994531783964364,0.2765957446808511,0.1125,0.528040176969512,0.6808510638297872,0.43125
ramen_sample_001,adaptive,C0,0,57,57,56,0.012025198033970319,0.021479695178982607,0.016752446606476463,0.016737499014232087,54.8961067199707,0.4396227895999534,0.2828709458919538,3.0125205516815186,0.0,0.0,0.0,0.060273972602476175,0.19298245614035087,0.03571428571428571,0.5213270142176152,0.9649122807017544,0.35714285714285715
ramen_sample_001,adaptive,C1,0,57,57,56,0.012025198033970319,0.021479695178982607,0.016752446606476463,0.016737499014232087,54.8961067199707,0.43912407242440665,0.2944530196591441,3.0410356521606445,0.0,0.0,0.0,0.060273972602476175,0.19298245614035087,0.03571428571428571,0.5213270142176152,0.9649122807017544,0.35714285714285715
ramen_sample_001,adaptive,C2,0,57,57,56,0.012025198033970319,0.021479695178982607,0.016752446606476463,0.016737499014232087,54.8961067199707,0.4147960287590695,0.3588546059217823,3.042222023010254,0.0,0.0,0.0,0.060273972602476175,0.19298245614035087,0.03571428571428571,0.5213270142176152,0.9649122807017544,0.35714285714285715
ramen_sample_001,adaptive,C3,0,57,57,56,0.01962789648258328,0.014321855153758683,0.016974875818170983,0.016753293360735902,39.3087272644043,0.7788317200541843,0.7080820645235094,3.1594300270080566,0.023668639052807396,0.03508771929824561,0.017857142857142856,0.1946902654862257,0.19298245614035087,0.19642857142857142,0.6286836935162065,0.5614035087719298,0.7142857142857143
ramen_sample_002,adaptive,C0,0,67,67,206,0.0036906527688618414,0.007797117480302233,0.005743885124582037,0.006180701899077653,52.0365104675293,0.7746261360548495,0.3678264972769535,3.056305408477783,0.06593406593369555,0.13432835820895522,0.043689320388349516,0.3351955307258531,0.5970149253731343,0.23300970873786409,0.7590361445778422,1.0,0.6116504854368932
ramen_sample_002,adaptive,C1,0,67,67,206,0.0036906527688618414,0.007797117480302233,0.005743885124582037,0.006180701899077653,52.0365104675293,0.7791187854380986,0.3904360372027961,3.25618314743042,0.06593406593369555,0.13432835820895522,0.043689320388349516,0.3351955307258531,0.5970149253731343,0.23300970873786409,0.7590361445778422,1.0,0.6116504854368932
ramen_sample_002,adaptive,C2,0,67,67,206,0.0036906527688618414,0.007797117480302233,0.005743885124582037,0.006180701899077653,52.0365104675293,0.8381968827398771,0.5741282554209541,3.119370937347412,0.06593406593369555,0.13432835820895522,0.043689320388349516,0.3351955307258531,0.5970149253731343,0.23300970873786409,0.7590361445778422,1.0,0.6116504854368932
ramen_sample_002,adaptive,C3,0,67,67,206,0.005454222064360705,0.00654531582075679,0.005999768942558747,0.007232977333029696,41.93547439575195,0.7289733930789211,0.6939571970499906,3.193782091140747,0.07326007325970288,0.14925373134328357,0.04854368932038835,0.3029622980246655,0.40298507462686567,0.24271844660194175,0.7228915662645656,0.8059701492537313,0.6553398058252428
ramen_sample_003,adaptive,C0,0,90,90,56,0.026862610358447996,0.0702127976133414,0.0485377039858947,0.04879789462491538,32.14541244506836,0.8888567324532387,0.866902901397451,3.2893786430358887,0.013698630136513417,0.011111111111111112,0.017857142857142856,0.07815631262485578,0.14444444444444443,0.05357142857142857,0.20754716981103882,0.6111111111111112,0.125
ramen_sample_003,adaptive,C1,0,90,90,56,0.026862610358447996,0.0702127976133414,0.0485377039858947,0.04879789462491538,32.14541244506836,0.8660090344167338,0.8433898120369673,3.0679430961608887,0.013698630136513417,0.011111111111111112,0.017857142857142856,0.07815631262485578,0.14444444444444443,0.05357142857142857,0.20754716981103882,0.6111111111111112,0.125
ramen_sample_003,adaptive,C2,0,90,90,56,0.026862610358447996,0.0702127976133414,0.0485377039858947,0.04879789462491538,32.14541244506836,0.886257838276781,0.8641579960642325,3.3402910232543945,0.013698630136513417,0.011111111111111112,0.017857142857142856,0.07815631262485578,0.14444444444444443,0.05357142857142857,0.20754716981103882,0.6111111111111112,0.125
ramen_sample_003,adaptive,C3,0,90,90,56,0.03885988041656964,0.028327705137977114,0.033593792777273375,0.038391786538073965,39.61690139770508,0.9120221623979188,0.9822154804489936,3.1011738777160645,0.0,0.0,0.0,0.11764705882304498,0.1,0.14285714285714285,0.5289079229117298,0.43333333333333335,0.6785714285714286
ramen_sample_004,adaptive,C0,0,26,26,56,0.01880372489418108,0.029328973602727442,0.02406634924845426,0.025288285953540535,59.22617721557617,0.42088627394765304,0.11199342029698818,3.06620192527771,0.02439024390200595,0.038461538461538464,0.017857142857142856,0.3658536585361523,0.5769230769230769,0.26785714285714285,0.8426966292129907,0.9615384615384616,0.75
ramen_sample_004,adaptive,C1,0,26,26,56,0.01880372489418108,0.029328973602727442,0.02406634924845426,0.025288285953540535,59.22617721557617,0.41795588345613416,0.10940155345101824,2.9853408336639404,0.02439024390200595,0.038461538461538464,0.017857142857142856,0.3658536585361523,0.5769230769230769,0.26785714285714285,0.8426966292129907,0.9615384615384616,0.75
ramen_sample_004,adaptive,C2,0,26,26,56,0.01880372489418108,0.029328973602727442,0.02406634924845426,0.025288285953540535,59.22617721557617,0.4084913820058902,0.12002988813090645,2.967644453048706,0.02439024390200595,0.038461538461538464,0.017857142857142856,0.3658536585361523,0.5769230769230769,0.26785714285714285,0.8426966292129907,0.9615384615384616,0.75
ramen_sample_004,adaptive,C3,0,26,26,56,0.04568018740133369,0.023673043692646504,0.0346766155469901,0.03624263805161065,53.889183044433594,1.0383643832099803,0.8201355456270255,3.102595090866089,0.11299435028202112,0.15384615384615385,0.08928571428571429,0.3972366148526957,0.38461538461538464,0.4107142857142857,0.6111111111106358,0.5,0.7857142857142857
ramen_sample_005,adaptive,C0,0,88,88,56,0.03162603951290127,0.039234057658022174,0.035430048585461726,0.0367281367863318,48.30207824707031,0.8337368136924634,0.7367525056519457,3.1621434688568115,0.0,0.0,0.0,0.03488372092973282,0.03409090909090909,0.03571428571428571,0.2884615384610503,0.3409090909090909,0.25
ramen_sample_005,adaptive,C1,0,88,88,56,0.03162603951290127,0.039234057658022174,0.035430048585461726,0.0367281367863318,48.30207824707031,0.7734141771373091,0.6747632495197845,3.104316234588623,0.0,0.0,0.0,0.03488372092973282,0.03409090909090909,0.03571428571428571,0.2884615384610503,0.3409090909090909,0.25
ramen_sample_005,adaptive,C2,0,88,88,56,0.03162603951290127,0.039234057658022174,0.035430048585461726,0.0367281367863318,48.30207824707031,0.8441364965946963,0.7410504472948464,3.079148292541504,0.0,0.0,0.0,0.03488372092973282,0.03409090909090909,0.03571428571428571,0.2884615384610503,0.3409090909090909,0.25
ramen_sample_005,adaptive,C3,0,88,88,56,0.04896603237608708,0.050788779884193405,0.049877406130140245,0.051882686392855606,57.108577728271484,0.7578289420675907,0.8370352756052346,3.366670608520508,0.01388888888841358,0.011363636363636364,0.017857142857142856,0.04166666666619135,0.03409090909090909,0.05357142857142857,0.2666666666661689,0.25,0.2857142857142857
ramen_sample_006,adaptive,C0,0,83,83,56,0.018154599311059807,0.039470541723366386,0.028812570517213094,0.02945854079950467,25.377426147460938,0.36885505474586283,0.3020249349481183,3.2867815494537354,0.08205128205079311,0.0963855421686747,0.07142857142857142,0.1759259259254527,0.2289156626506024,0.14285714285714285,0.5454545454541487,1.0,0.375
ramen_sample_006,adaptive,C1,0,83,83,56,0.018154599311059807,0.039470541723366386,0.028812570517213094,0.02945854079950467,25.377426147460938,0.3687038419082529,0.30283292921906924,3.2870914936065674,0.08205128205079311,0.0963855421686747,0.07142857142857142,0.1759259259254527,0.2289156626506024,0.14285714285714285,0.5454545454541487,1.0,0.375
ramen_sample_006,adaptive,C2,0,83,83,56,0.018154599311059807,0.039470541723366386,0.028812570517213094,0.02945854079950467,25.377426147460938,0.1958266190580244,0.3993912830118278,3.2959980964660645,0.08205128205079311,0.0963855421686747,0.07142857142857142,0.1759259259254527,0.2289156626506024,0.14285714285714285,0.5454545454541487,1.0,0.375
ramen_sample_006,adaptive,C3,0,83,83,56,0.032010945158675065,0.02241645583758034,0.027213700498127703,0.02839711502984798,43.15224075317383,0.7542143528213406,0.6352169456299892,3.427074670791626,0.06535947712368662,0.060240963855421686,0.07142857142857142,0.16873156342136622,0.13253012048192772,0.23214285714285715,0.6308747282149302,0.5542168674698795,0.7321428571428571
ramen_sample_007,adaptive,C0,0,92,92,56,0.06524431048853668,0.061272711330217944,0.06325851090937731,0.06397186775073951,52.18217849731445,0.31069852171224277,0.1992076254547099,3.1372623443603516,0.0,0.0,0.0,0.0,0.0,0.0,0.0,0.0,0.0
ramen_sample_007,adaptive,C1,0,92,92,56,0.07655898598467768,0.0756324923917412,0.07609573918820944,0.07646097146599434,34.80751037597656,0.35337338273555124,0.30055001297685713,3.3551244735717773,0.0,0.0,0.0,0.0,0.0,0.0,0.0,0.0,0.0
ramen_sample_007,adaptive,C2,0,92,92,56,0.07655898598467768,0.0756324923917412,0.07609573918820944,0.07646097146599434,34.80751037597656,0.365121415057007,0.31991156624478145,3.0805106163024902,0.0,0.0,0.0,0.0,0.0,0.0,0.0,0.0,0.0
ramen_sample_007,adaptive,C3,0,92,92,56,0.07746635496319376,0.07069199180548011,0.07407917338433694,0.0751285197380821,34.67903518676758,0.38486804803134395,0.34936164966347816,3.249960422515869,0.0,0.0,0.0,0.0,0.0,0.0,0.0,0.0,0.0
ramen_sample_008,adaptive,C0,0,53,53,56,0.034297693570832934,0.08360692100817568,0.058952307289504305,0.05949464520078143,65.14984893798828,1.244752795766919,0.9468283183840264,3.2068467140197754,0.09271523178762388,0.1320754716981132,0.07142857142857142,0.1746216530846809,0.4716981132075472,0.10714285714285714,0.43652561247179966,0.9245283018867925,0.2857142857142857
ramen_sample_008,adaptive,C1,0,53,53,56,0.034297693570832934,0.08360692100817568,0.058952307289504305,0.05949464520078143,65.14984893798828,1.2236165433498825,0.9124019171821106,3.1071412563323975,0.09271523178762388,0.1320754716981132,0.07142857142857142,0.1746216530846809,0.4716981132075472,0.10714285714285714,0.43652561247179966,0.9245283018867925,0.2857142857142857
ramen_sample_008,adaptive,C2,0,53,53,56,0.034297693570832934,0.08360692100817568,0.058952307289504305,0.05949464520078143,65.14984893798828,1.2468547004020258,0.9498378611592726,3.187098741531372,0.09271523178762388,0.1320754716981132,0.07142857142857142,0.1746216530846809,0.4716981132075472,0.10714285714285714,0.43652561247179966,0.9245283018867925,0.2857142857142857
ramen_sample_008,adaptive,C3,0,53,53,56,0.061922291229490445,0.056678177031847014,0.05930023413066873,0.059816487804079395,64.0298843383789,1.3832895518050807,1.4319445751887796,3.5309956073760986,0.05504587155913341,0.05660377358490566,0.05357142857142857,0.1941908713688163,0.24528301886792453,0.16071428571428573,0.5835010060357194,0.5471698113207547,0.625
ramen_sample_009,adaptive,C0,0,77,77,56,0.03166277006183881,0.09004939874618934,0.06085608440401408,0.061097430125096656,62.65262985229492,0.5251263014708676,0.13247513319080106,3.1120846271514893,0.0,0.0,0.0,0.030981067125415505,0.11688311688311688,0.017857142857142856,0.3986710963451342,0.7792207792207793,0.26785714285714285
ramen_sample_009,adaptive,C1,0,77,77,56,0.03166277006183881,0.09004939874618934,0.06085608440401408,0.061097430125096656,62.65262985229492,0.5192812005298573,0.1385730368484226,3.0823473930358887,0.0,0.0,0.0,0.030981067125415505,0.11688311688311688,0.017857142857142856,0.3986710963451342,0.7792207792207793,0.26785714285714285
ramen_sample_009,adaptive,C2,0,77,77,56,0.03166277006183881,0.09004939874618934,0.06085608440401408,0.061097430125096656,62.65262985229492,0.5079890084812564,0.1824537777378193,3.3363568782806396,0.0,0.0,0.0,0.030981067125415505,0.11688311688311688,0.017857142857142856,0.3986710963451342,0.7792207792207793,0.26785714285714285
ramen_sample_009,adaptive,C3,0,77,77,56,0.048714070153824306,0.05554151987424348,0.05212779501403389,0.052077263626077896,58.23993682861328,0.6080338583842323,0.44360472964337816,3.1881327629089355,0.0,0.0,0.0,0.015037593984474872,0.012987012987012988,0.017857142857142856,0.30051813471454636,0.37662337662337664,0.25
ramen_sample_010,adaptive,C0,0,112,112,128,0.006151287115813929,0.02099195434159637,0.01357162072870515,0.01401360661819969,58.52772903442383,0.60449055710271,0.4177703108742093,3.098435163497925,0.05128205128175674,0.14285714285714285,0.03125,0.1944894651536884,0.5714285714285714,0.1171875,0.483076263924222,0.9821428571428571,0.3203125
ramen_sample_010,adaptive,C1,0,112,112,128,0.006151287115813929,0.02099195434159637,0.01357162072870515,0.01401360661819969,58.52772903442383,0.6098346297432511,0.44102795583506627,3.1060140132904053,0.05128205128175674,0.14285714285714285,0.03125,0.1944894651536884,0.5714285714285714,0.1171875,0.483076263924222,0.9821428571428571,0.3203125
ramen_sample_010,adaptive,C2,0,112,112,128,0.006151287115813929,0.02099195434159637,0.01357162072870515,0.01401360661819969,58.52772903442383,0.533833607347462,0.42117421394436066,3.3321259021759033,0.05128205128175674,0.14285714285714285,0.03125,0.1944894651536884,0.5714285714285714,0.1171875,0.483076263924222,0.9821428571428571,0.3203125
ramen_sample_010,adaptive,C3,0,112,112,128,0.019230083584843953,0.009887100027348678,0.014558591806096316,0.014747093095960529,49.74679183959961,1.1456132129809893,0.9943740183853494,3.2732582092285156,0.019736842104797783,0.026785714285714284,0.015625,0.19499999999950082,0.1875,0.203125,0.5421374764590529,0.41964285714285715,0.765625
ramen_sample_011,adaptive,C0,0,123,123,101,0.009619909423307425,0.016638691020610625,0.013129300221959024,0.013140930256064894,55.51252746582031,1.3900958258143663,0.6872248682898621,3.239788055419922,0.031047865458750705,0.032520325203252036,0.0297029702970297,0.15625652809652368,0.2764227642276423,0.10891089108910891,0.4844798657713912,0.8048780487804879,0.3465346534653465
ramen_sample_011,adaptive,C1,0,123,123,101,0.009619909423307425,0.016638691020610625,0.013129300221959024,0.013140930256064894,55.51252746582031,1.411357235727704,0.691485990624276,3.099440813064575,0.031047865458750705,0.032520325203252036,0.0297029702970297,0.15625652809652368,0.2764227642276423,0.10891089108910891,0.4844798657713912,0.8048780487804879,0.3465346534653465
ramen_sample_011,adaptive,C2,0,123,123,101,0.009619909423307425,0.016638691020610625,0.013129300221959024,0.013140930256064894,55.51252746582031,1.8432111395503534,1.0680779025328093,3.300475835800171,0.031047865458750705,0.032520325203252036,0.0297029702970297,0.15625652809652368,0.2764227642276423,0.10891089108910891,0.4844798657713912,0.8048780487804879,0.3465346534653465
ramen_sample_011,adaptive,C3,0,123,123,101,0.017282454414626777,0.012000789682231255,0.014641622048429016,0.015176649494355732,55.06584930419922,1.2320463695897554,1.2447541876067363,3.2906582355499268,0.03571428571379054,0.032520325203252036,0.039603960396039604,0.2053571428566477,0.18699186991869918,0.22772277227722773,0.6262471220255961,0.5853658536585366,0.6732673267326733
ramen_sample_012,adaptive,C0,0,133,133,186,0.006203138580608609,0.013321525059925619,0.009762331820267114,0.00980042158587063,42.54409408569336,0.471024803682998,0.4817157055721975,3.004291296005249,0.05015673981142603,0.06015037593984962,0.043010752688172046,0.24809575625632385,0.3157894736842105,0.20430107526881722,0.5598768324515078,0.7669172932330827,0.44086021505376344
ramen_sample_012,adaptive,C1,0,133,133,186,0.006203138580608609,0.013321525059925619,0.009762331820267114,0.00980042158587063,42.54409408569336,0.47494137187508484,0.4889527261412188,3.1664090156555176,0.05015673981142603,0.06015037593984962,0.043010752688172046,0.24809575625632385,0.3157894736842105,0.20430107526881722,0.5598768324515078,0.7669172932330827,0.44086021505376344
ramen_sample_012,adaptive,C2,0,133,133,186,0.006203138580608609,0.013321525059925619,0.009762331820267114,0.00980042158587063,42.54409408569336,0.5237166789507078,0.5206751268948823,3.53796124458313,0.05015673981142603,0.06015037593984962,0.043010752688172046,0.24809575625632385,0.3157894736842105,0.20430107526881722,0.5598768324515078,0.7669172932330827,0.44086021505376344
ramen_sample_012,adaptive,C3,0,133,133,186,0.007892234725115325,0.008374906912412175,0.008133570818763751,0.008407854696657592,39.499061584472656,0.7734132728969316,0.6987593688932578,3.5036466121673584,0.06269592476440408,0.07518796992481203,0.053763440860215055,0.22408863473860408,0.24812030075187969,0.20430107526881722,0.618407445707882,0.6917293233082706,0.5591397849462365
ramen_sample_013,adaptive,C0,0,197,197,56,0.16841936520675216,0.12913560955078066,0.1487774873787664,0.15060533116998254,64.77323150634766,0.7389983967872952,0.5633718112237308,3.133419990539551,0.0,0.0,0.0,0.0,0.0,0.0,0.0,0.0,0.0
ramen_sample_013,adaptive,C1,0,197,197,56,0.16841936520675216,0.12913560955078066,0.1487774873787664,0.15060533116998254,64.77323150634766,0.7159356372985684,0.53122681193684,3.187176465988159,0.0,0.0,0.0,0.0,0.0,0.0,0.0,0.0,0.0
ramen_sample_013,adaptive,C2,0,197,197,56,0.16841936520675216,0.12913560955078066,0.1487774873787664,0.15060533116998254,64.77323150634766,0.7853462387452685,0.6170743883789429,3.2918999195098877,0.0,0.0,0.0,0.0,0.0,0.0,0.0,0.0,0.0
ramen_sample_013,adaptive,C3,0,197,197,56,0.15187831626898624,0.09023715916665465,0.12105773771782044,0.125910067256545,65.39253997802734,0.7093924329275891,0.6931836251240746,3.2790262699127197,0.0,0.0,0.0,0.0,0.0,0.0,0.007905138339576246,0.005076142131979695,0.017857142857142856
ramen_sample_014,adaptive,C0,0,72,72,95,0.010300530976320645,0.015088962632647357,0.012694746804484,0.012662216157631155,54.30409240722656,0.32204288767602324,0.2773887782812935,3.168381690979004,0.06615214994437434,0.06944444444444445,0.06315789473684211,0.2574257425737987,0.3611111111111111,0.2,0.6878523833926493,0.8472222222222222,0.5789473684210527
ramen_sample_014,adaptive,C1,0,72,72,95,0.010300530976320645,0.015088962632647357,0.012694746804484,0.012662216157631155,54.30409240722656,0.31915440278543716,0.2846842818190142,3.214973211288452,0.06615214994437434,0.06944444444444445,0.06315789473684211,0.2574257425737987,0.3611111111111111,0.2,0.6878523833926493,0.8472222222222222,0.5789473684210527
ramen_sample_014,adaptive,C2,0,72,72,95,0.010300530976320645,0.015088962632647357,0.012694746804484,0.012662216157631155,54.30409240722656,0.266993889024969,0.45302742648060706,3.0619900226593018,0.06615214994437434,0.06944444444444445,0.06315789473684211,0.2574257425737987,0.3611111111111111,0.2,0.6878523833926493,0.8472222222222222,0.5789473684210527
ramen_sample_014,adaptive,C3,0,72,72,95,0.009116711592666237,0.014032906888444906,0.01157480924055557,0.011696767618174054,46.03624725341797,0.2774060980545898,0.37770971696755284,3.0782675743103027,0.07150153217518992,0.06944444444444445,0.07368421052631578,0.33057851239622704,0.4444444444444444,0.2631578947368421,0.7493462831523042,0.9444444444444444,0.6210526315789474
ramen_sample_015,adaptive,C0,0,94,94,60,0.016379499132924902,0.0424999283992322,0.029439713766078554,0.029406954458863113,63.63125991821289,0.5059040379200734,0.31129637570748847,3.0393149852752686,0.0,0.0,0.0,0.0,0.0,0.0,0.05973451327414994,0.2872340425531915,0.03333333333333333
ramen_sample_015,adaptive,C1,0,94,94,60,0.016379499132924902,0.0424999283992322,0.029439713766078554,0.029406954458863113,63.63125991821289,0.5144702377538332,0.31596271094750955,3.0656564235687256,0.0,0.0,0.0,0.0,0.0,0.0,0.05973451327414994,0.2872340425531915,0.03333333333333333
ramen_sample_015,adaptive,C2,0,94,94,60,0.016379499132924902,0.0424999283992322,0.029439713766078554,0.029406954458863113,63.63125991821289,0.5964283998057509,0.4178840849501037,3.1415915489196777,0.0,0.0,0.0,0.0,0.0,0.0,0.05973451327414994,0.2872340425531915,0.03333333333333333
ramen_sample_015,adaptive,C3,0,94,94,60,0.024223908801522635,0.020747718997077152,0.022485813899299892,0.022581787153283267,63.76359939575195,0.7636319759961705,0.8307358826626591,3.100412130355835,0.0,0.0,0.0,0.03896103896056333,0.031914893617021274,0.05,0.11290322580608482,0.07446808510638298,0.23333333333333334
ramen_sample_016,adaptive,C0,0,133,133,177,0.008814996541982562,0.02619188353481837,0.017503440038400465,0.017598319358941978,49.85036087036133,0.517797863409844,0.8398548072784164,3.2653989791870117,0.008213552360999271,0.015037593984962405,0.005649717514124294,0.0583941605837027,0.21052631578947367,0.03389830508474576,0.3448840187843987,0.9849624060150376,0.20903954802259886
ramen_sample_016,adaptive,C1,0,133,133,177,0.008814996541982562,0.02619188353481837,0.017503440038400465,0.017598319358941978,49.85036087036133,0.5148620862837278,0.8559005355940663,3.2630014419555664,0.008213552360999271,0.015037593984962405,0.005649717514124294,0.0583941605837027,0.21052631578947367,0.03389830508474576,0.3448840187843987,0.9849624060150376,0.20903954802259886
ramen_sample_016,adaptive,C2,0,133,133,177,0.008814996541982562,0.02619188353481837,0.017503440038400465,0.017598319358941978,49.85036087036133,0.5511504115803648,1.1821775171425253,3.402573347091675,0.008213552360999271,0.015037593984962405,0.005649717514124294,0.0583941605837027,0.21052631578947367,0.03389830508474576,0.3448840187843987,0.9849624060150376,0.20903954802259886
ramen_sample_016,adaptive,C3,0,133,133,177,0.012905951792558875,0.014290574415519152,0.013598263104039013,0.01401282257372442,57.93355178833008,0.8678330156897969,1.008796185992983,3.4886648654937744,0.0,0.0,0.0,0.20645161290273586,0.24060150375939848,0.1807909604519774,0.6441824507146255,0.7593984962406015,0.559322033898305
ramen_sample_017,adaptive,C0,0,114,114,56,0.015284772494463188,0.04026743968018671,0.027776106087324948,0.02807549166761079,67.85943603515625,1.0085866205319212,0.504275091510596,3.2658469676971436,0.0,0.0,0.0,0.06206896551701365,0.23684210526315788,0.03571428571428571,0.2680479119453365,0.8070175438596491,0.16071428571428573
ramen_sample_017,adaptive,C1,0,114,114,56,0.015284772494463188,0.04026743968018671,0.027776106087324948,0.02807549166761079,67.85943603515625,1.017787521642374,0.4936638582027711,3.2755608558654785,0.0,0.0,0.0,0.06206896551701365,0.23684210526315788,0.03571428571428571,0.2680479119453365,0.8070175438596491,0.16071428571428573
ramen_sample_017,adaptive,C2,0,114,114,56,0.015284772494463188,0.04026743968018671,0.027776106087324948,0.02807549166761079,67.85943603515625,0.6892840836094027,1.345091788176438,3.217545509338379,0.0,0.0,0.0,0.06206896551701365,0.23684210526315788,0.03571428571428571,0.2680479119453365,0.8070175438596491,0.16071428571428573
ramen_sample_017,adaptive,C3,0,114,114,56,0.020177669565803392,0.021229521687634638,0.020703595626719015,0.022181824303760037,56.78821563720703,0.8409549886721245,0.6204858794654656,3.328007698059082,0.011764705881911142,0.008771929824561403,0.017857142857142856,0.0785854616890946,0.07017543859649122,0.08928571428571429,0.6048780487799921,0.6666666666666666,0.5535714285714286
ramen_sample_018,adaptive,C0,0,117,117,56,0.01834705055948505,0.0417299561761668,0.030038503367825924,0.030186493451904252,25.146848678588867,0.6487294092158115,0.4950890846522132,3.0673720836639404,0.0,0.0,0.0,0.04210526315741074,0.05128205128205128,0.03571428571428571,0.4619454130091346,0.9658119658119658,0.30357142857142855
ramen_sample_018,adaptive,C1,0,117,117,56,0.01834705055948505,0.0417299561761668,0.030038503367825924,0.030186493451904252,25.146848678588867,0.537144152271557,0.3768019404406489,3.022712469100952,0.0,0.0,0.0,0.04210526315741074,0.05128205128205128,0.03571428571428571,0.4619454130091346,0.9658119658119658,0.30357142857142855
ramen_sample_018,adaptive,C2,0,117,117,56,0.01834705055948505,0.0417299561761668,0.030038503367825924,0.030186493451904252,25.146848678588867,0.6362778214563689,0.5148151171087633,3.2542288303375244,0.0,0.0,0.0,0.04210526315741074,0.05128205128205128,0.03571428571428571,0.4619454130091346,0.9658119658119658,0.30357142857142855
ramen_sample_018,adaptive,C3,0,117,117,56,0.035422884184035754,0.024669981542592843,0.0300464328633143,0.031894595074967017,42.873287200927734,0.77466295920077,0.7829891537380583,3.1239497661590576,0.02312138728279916,0.017094017094017096,0.03571428571428571,0.10695187165728559,0.08547008547008547,0.14285714285714285,0.5309734513269448,0.46153846153846156,0.625
ramen_sample_019,adaptive,C0,0,61,61,56,0.018658879423829006,0.0378693107529009,0.02826409508836495,0.028305758329714475,23.441659927368164,0.7183380052675612,0.3559789649522907,2.9886345863342285,0.0,0.0,0.0,0.060453400503518245,0.19672131147540983,0.03571428571428571,0.3794466403158396,0.7868852459016393,0.25
ramen_sample_019,adaptive,C1,0,61,61,56,0.018658879423829006,0.0378693107529009,0.02826409508836495,0.028305758329714475,23.441659927368164,0.6640423808403871,0.20520692399083745,2.9952893257141113,0.0,0.0,0.0,0.060453400503518245,0.19672131147540983,0.03571428571428571,0.3794466403158396,0.7868852459016393,0.25
ramen_sample_019,adaptive,C2,0,61,61,56,0.018658879423829006,0.0378693107529009,0.02826409508836495,0.028305758329714475,23.441659927368164,0.9063240715574221,0.6033819621460285,3.0355563163757324,0.0,0.0,0.0,0.060453400503518245,0.19672131147540983,0.03571428571428571,0.3794466403158396,0.7868852459016393,0.25
ramen_sample_019,adaptive,C3,0,61,61,56,0.026338359127793077,0.016403024379767508,0.021370691753780292,0.020911471923625934,32.5191535949707,0.9712809637108343,1.0987828254075536,3.0062389373779297,0.034188034187535105,0.03278688524590164,0.03571428571428571,0.3201391909521124,0.26229508196721313,0.4107142857142857,0.6750248756214317,0.5245901639344263,0.9464285714285714
ramen_sample_020,adaptive,C0,0,37,37,56,0.019086181928811327,0.030673883886622812,0.02488003290771707,0.02510744112227327,50.166664123535156,0.2864737418120668,0.20562075742083646,3.0069661140441895,0.0,0.0,0.0,0.1368078175891149,0.1891891891891892,0.10714285714285714,0.6168876482898541,0.918918918918919,0.4642857142857143
ramen_sample_020,adaptive,C1,0,37,37,56,0.019086181928811327,0.030673883886622812,0.02488003290771707,0.02510744112227327,50.166664123535156,0.2551394267752229,0.0716631888460519,3.1461918354034424,0.0,0.0,0.0,0.1368078175891149,0.1891891891891892,0.10714285714285714,0.6168876482898541,0.918918918918919,0.4642857142857143
ramen_sample_020,adaptive,C2,0,37,37,56,0.019086181928811327,0.030673883886622812,0.02488003290771707,0.02510744112227327,50.166664123535156,0.36928440294978326,0.3547371162455833,3.186000347137451,0.0,0.0,0.0,0.1368078175891149,0.1891891891891892,0.10714285714285714,0.6168876482898541,0.918918918918919,0.4642857142857143
ramen_sample_020,adaptive,C3,0,37,37,56,0.041884361198760905,0.028779058849530602,0.03533171002414576,0.035665457185292064,43.12329864501953,0.768566036247766,0.7617074986268397,3.228188991546631,0.021505376343606893,0.02702702702702703,0.017857142857142856,0.11594202898500987,0.10810810810810811,0.125,0.48691358024641535,0.4594594594594595,0.5178571428571429
ramen_sample_021,adaptive,C0,0,86,86,56,0.013736473942574637,0.025813073556272843,0.01977477374942374,0.020276966794322716,63.885799407958984,4.8634310456897436e-05,4.8634310456897436e-05,3.164886236190796,0.0,0.0,0.0,0.11167512690321205,0.2558139534883721,0.07142857142857142,0.4164037854885636,0.7674418604651163,0.2857142857142857
ramen_sample_021,adaptive,C1,0,86,86,56,0.013736473942574637,0.025813073556272843,0.01977477374942374,0.020276966794322716,63.885799407958984,2.649148934807761e-06,2.649148934807761e-06,3.0825886726379395,0.0,0.0,0.0,0.11167512690321205,0.2558139534883721,0.07142857142857142,0.4164037854885636,0.7674418604651163,0.2857142857142857
ramen_sample_021,adaptive,C2,0,86,86,56,0.013736473942574637,0.025813073556272843,0.01977477374942374,0.020276966794322716,63.885799407958984,7.355541455027556e-06,7.355541455027556e-06,3.0373640060424805,0.0,0.0,0.0,0.11167512690321205,0.2558139534883721,0.07142857142857142,0.4164037854885636,0.7674418604651163,0.2857142857142857
ramen_sample_021,adaptive,C3,0,86,86,56,0.013210612870916004,0.023707558025295578,0.018459085448105792,0.018774029517520895,64.3104248046875,0.3327957231884766,0.3327957231884766,3.107998847961426,0.0,0.0,0.0,0.08849557522076747,0.11627906976744186,0.07142857142857142,0.4197530864193631,0.7906976744186046,0.2857142857142857
ramen_sample_022,adaptive,C0,0,183,183,59,0.03977091584831462,0.06421497967044501,0.051992947759379814,0.05192461386994725,52.2751350402832,1.9068503862219994,0.3374790600372736,3.4112355709075928,0.0,0.0,0.0,0.0,0.0,0.0,0.0,0.0,0.0
ramen_sample_022,adaptive,C1,0,183,183,59,0.03977091584831462,0.06421497967044501,0.051992947759379814,0.05192461386994725,52.2751350402832,1.9393095324595038,0.3737098760038442,3.387849807739258,0.0,0.0,0.0,0.0,0.0,0.0,0.0,0.0,0.0
ramen_sample_022,adaptive,C2,0,183,183,59,0.03977091584831462,0.06421497967044501,0.051992947759379814,0.05192461386994725,52.2751350402832,2.030927076743834,0.567551560669443,3.0970635414123535,0.0,0.0,0.0,0.0,0.0,0.0,0.0,0.0,0.0
ramen_sample_022,adaptive,C3,0,183,183,59,0.039667626523611756,0.06414147833116167,0.051904552427386716,0.05179848674653395,52.59418869018555,2.028465041734608,0.5683688172269329,3.0806989669799805,0.0,0.0,0.0,0.0,0.0,0.0,0.0,0.0,0.0
